<?xml version="1.0" encoding="utf-8"?>
<CoverageSession xmlns:xsd="http://www.w3.org/2001/XMLSchema" xmlns:xsi="http://www.w3.org/2001/XMLSchema-instance" Version="4.6.0.0">
  <Summary numSequencePoints="105" visitedSequencePoints="93" numBranchPoints="44" visitedBranchPoints="35" sequenceCoverage="88.57" branchCoverage="79.55" maxCyclomaticComplexity="5" minCyclomaticComplexity="0" maxCrapScore="6.60" minCrapScore="0" visitedClasses="10" numClasses="10" visitedMethods="26" numMethods="28" />
  <Modules>
    <Module hash="BB-0F-C7-EA-E8-61-72-1F-07-BB-78-BD-FA-B3-5B-BF-60-7D-4D-E8">
      <Summary numSequencePoints="76" visitedSequencePoints="75" numBranchPoints="26" visitedBranchPoints="25" sequenceCoverage="98.68" branchCoverage="96.15" maxCyclomaticComplexity="4" minCyclomaticComplexity="1" maxCrapScore="4" minCrapScore="1" visitedClasses="8" numClasses="8" visitedMethods="22" numMethods="22" />
      <ModulePath>F:\Projetos\Project Academia 2018\Exemplos_master\Prova1\server\Prova1.Application.Tests\bin\Debug\Prova1.Application.dll</ModulePath>
      <ModuleTime>2018-07-09T13:54:24.6182072Z</ModuleTime>
      <ModuleName>Prova1.Application</ModuleName>
      <Files>
        <File uid="1" fullPath="F:\Projetos\Project Academia 2018\Exemplos_master\Prova1\server\Prova1.Application\Mapping\AutoMapperInitializer.cs" />
        <File uid="3" fullPath="F:\Projetos\Project Academia 2018\Exemplos_master\Prova1\server\Prova1.Application\Features\Products\MappingProfile.cs" />
        <File uid="5" fullPath="F:\Projetos\Project Academia 2018\Exemplos_master\Prova1\server\Prova1.Application\Features\Products\ProductService.cs" />
        <File uid="6" fullPath="F:\Projetos\Project Academia 2018\Exemplos_master\Prova1\server\Prova1.Application\Features\Products\Queries\ProductQuery.cs" />
        <File uid="7" fullPath="F:\Projetos\Project Academia 2018\Exemplos_master\Prova1\server\Prova1.Application\Features\Orders\MappingProfile.cs" />
        <File uid="9" fullPath="F:\Projetos\Project Academia 2018\Exemplos_master\Prova1\server\Prova1.Application\Features\Orders\OrderService.cs" />
        <File uid="10" fullPath="F:\Projetos\Project Academia 2018\Exemplos_master\Prova1\server\Prova1.Application\Features\Orders\Queries\OrderQuery.cs" />
      </Files>
      <Classes>
        <Class>
          <Summary numSequencePoints="4" visitedSequencePoints="4" numBranchPoints="2" visitedBranchPoints="2" sequenceCoverage="100" branchCoverage="100" maxCyclomaticComplexity="2" minCyclomaticComplexity="1" maxCrapScore="2" minCrapScore="1" visitedClasses="1" numClasses="1" visitedMethods="2" numMethods="2" />
          <FullName>Prova1.Application.Mapping.AutoMapperInitializer</FullName>
          <Methods>
            <Method visited="true" cyclomaticComplexity="2" nPathComplexity="0" sequenceCoverage="100" branchCoverage="100" crapScore="2" isConstructor="false" isStatic="true" isGetter="false" isSetter="false">
              <Summary numSequencePoints="3" visitedSequencePoints="3" numBranchPoints="1" visitedBranchPoints="1" sequenceCoverage="100" branchCoverage="100" maxCyclomaticComplexity="2" minCyclomaticComplexity="2" maxCrapScore="2" minCrapScore="2" visitedClasses="0" numClasses="0" visitedMethods="1" numMethods="1" />
              <MetadataToken>100663297</MetadataToken>
              <Name>System.Void Prova1.Application.Mapping.AutoMapperInitializer::Initialize()</Name>
              <FileRef uid="1" />
              <SequencePoints>
                <SequencePoint vc="2" uspid="1" ordinal="0" offset="0" sl="18" sc="9" el="18" ec="10" bec="0" bev="0" fileid="1" />
                <SequencePoint vc="2" uspid="2" ordinal="1" offset="1" sl="22" sc="13" el="25" ec="16" bec="0" bev="0" fileid="1" />
                <SequencePoint vc="2" uspid="3" ordinal="2" offset="38" sl="26" sc="9" el="26" ec="10" bec="0" bev="0" fileid="1" />
              </SequencePoints>
              <BranchPoints />
              <MethodPoint xsi:type="SequencePoint" vc="2" uspid="1" ordinal="0" offset="0" sl="18" sc="9" el="18" ec="10" bec="0" bev="0" fileid="1" />
            </Method>
            <Method visited="true" cyclomaticComplexity="1" nPathComplexity="0" sequenceCoverage="100" branchCoverage="100" crapScore="1" isConstructor="false" isStatic="true" isGetter="false" isSetter="false">
              <Summary numSequencePoints="1" visitedSequencePoints="1" numBranchPoints="1" visitedBranchPoints="1" sequenceCoverage="100" branchCoverage="100" maxCyclomaticComplexity="1" minCyclomaticComplexity="1" maxCrapScore="1" minCrapScore="1" visitedClasses="0" numClasses="0" visitedMethods="1" numMethods="1" />
              <MetadataToken>100663298</MetadataToken>
              <Name>System.Void Prova1.Application.Mapping.AutoMapperInitializer::Reset()</Name>
              <FileRef uid="1" />
              <SequencePoints>
                <SequencePoint vc="2" uspid="6" ordinal="0" offset="0" sl="28" sc="39" el="28" ec="53" bec="0" bev="0" fileid="1" />
              </SequencePoints>
              <BranchPoints />
              <MethodPoint xsi:type="SequencePoint" vc="2" uspid="6" ordinal="0" offset="0" sl="28" sc="39" el="28" ec="53" bec="0" bev="0" fileid="1" />
            </Method>
            <Method visited="false" cyclomaticComplexity="1" nPathComplexity="0" sequenceCoverage="0" branchCoverage="0" crapScore="2" isConstructor="true" isStatic="false" isGetter="false" isSetter="false">
              <Summary numSequencePoints="0" visitedSequencePoints="0" numBranchPoints="0" visitedBranchPoints="0" sequenceCoverage="0" branchCoverage="0" maxCyclomaticComplexity="1" minCyclomaticComplexity="1" maxCrapScore="2" minCrapScore="2" visitedClasses="0" numClasses="0" visitedMethods="0" numMethods="0" />
              <MetadataToken>100663299</MetadataToken>
              <Name>System.Void Prova1.Application.Mapping.AutoMapperInitializer::.ctor()</Name>
              <SequencePoints />
              <BranchPoints />
              <MethodPoint vc="0" uspid="7" ordinal="0" offset="0" />
            </Method>
          </Methods>
        </Class>
        <Class>
          <Summary numSequencePoints="3" visitedSequencePoints="3" numBranchPoints="1" visitedBranchPoints="1" sequenceCoverage="100" branchCoverage="100" maxCyclomaticComplexity="1" minCyclomaticComplexity="1" maxCrapScore="2" minCrapScore="1" visitedClasses="1" numClasses="1" visitedMethods="1" numMethods="1" />
          <FullName>Prova1.Application.Mapping.AutoMapperInitializer/&lt;&gt;c</FullName>
          <Methods>
            <Method visited="false" cyclomaticComplexity="1" nPathComplexity="0" sequenceCoverage="0" branchCoverage="0" crapScore="2" isConstructor="true" isStatic="true" isGetter="false" isSetter="false">
              <Summary numSequencePoints="0" visitedSequencePoints="0" numBranchPoints="0" visitedBranchPoints="0" sequenceCoverage="0" branchCoverage="0" maxCyclomaticComplexity="1" minCyclomaticComplexity="1" maxCrapScore="2" minCrapScore="2" visitedClasses="0" numClasses="0" visitedMethods="0" numMethods="0" />
              <MetadataToken>100663408</MetadataToken>
              <Name>System.Void Prova1.Application.Mapping.AutoMapperInitializer/&lt;&gt;c::.cctor()</Name>
              <SequencePoints />
              <BranchPoints />
              <MethodPoint vc="0" uspid="8" ordinal="0" offset="0" />
            </Method>
            <Method visited="false" cyclomaticComplexity="1" nPathComplexity="0" sequenceCoverage="0" branchCoverage="0" crapScore="2" isConstructor="true" isStatic="false" isGetter="false" isSetter="false">
              <Summary numSequencePoints="0" visitedSequencePoints="0" numBranchPoints="0" visitedBranchPoints="0" sequenceCoverage="0" branchCoverage="0" maxCyclomaticComplexity="1" minCyclomaticComplexity="1" maxCrapScore="2" minCrapScore="2" visitedClasses="0" numClasses="0" visitedMethods="0" numMethods="0" />
              <MetadataToken>100663409</MetadataToken>
              <Name>System.Void Prova1.Application.Mapping.AutoMapperInitializer/&lt;&gt;c::.ctor()</Name>
              <SequencePoints />
              <BranchPoints />
              <MethodPoint vc="0" uspid="9" ordinal="0" offset="0" />
            </Method>
            <Method visited="true" cyclomaticComplexity="1" nPathComplexity="0" sequenceCoverage="100" branchCoverage="100" crapScore="1" isConstructor="false" isStatic="false" isGetter="false" isSetter="false">
              <Summary numSequencePoints="3" visitedSequencePoints="3" numBranchPoints="1" visitedBranchPoints="1" sequenceCoverage="100" branchCoverage="100" maxCyclomaticComplexity="1" minCyclomaticComplexity="1" maxCrapScore="1" minCrapScore="1" visitedClasses="0" numClasses="0" visitedMethods="1" numMethods="1" />
              <MetadataToken>100663410</MetadataToken>
              <Name>System.Void Prova1.Application.Mapping.AutoMapperInitializer/&lt;&gt;c::&lt;Initialize&gt;b__0_0(AutoMapper.IMapperConfigurationExpression)</Name>
              <FileRef uid="1" />
              <SequencePoints>
                <SequencePoint vc="2" uspid="10" ordinal="0" offset="0" sl="23" sc="13" el="23" ec="14" bec="0" bev="0" fileid="1" />
                <SequencePoint vc="2" uspid="11" ordinal="1" offset="1" sl="24" sc="17" el="24" ec="64" bec="0" bev="0" fileid="1" />
                <SequencePoint vc="2" uspid="12" ordinal="2" offset="27" sl="25" sc="13" el="25" ec="14" bec="0" bev="0" fileid="1" />
              </SequencePoints>
              <BranchPoints />
              <MethodPoint xsi:type="SequencePoint" vc="2" uspid="10" ordinal="0" offset="0" sl="23" sc="13" el="23" ec="14" bec="0" bev="0" fileid="1" />
            </Method>
          </Methods>
        </Class>
        <Class>
          <Summary numSequencePoints="6" visitedSequencePoints="6" numBranchPoints="1" visitedBranchPoints="1" sequenceCoverage="100" branchCoverage="100" maxCyclomaticComplexity="3" minCyclomaticComplexity="3" maxCrapScore="3" minCrapScore="3" visitedClasses="1" numClasses="1" visitedMethods="1" numMethods="1" />
          <FullName>Prova1.Application.Features.Products.MappingProfile</FullName>
          <Methods>
            <Method visited="true" cyclomaticComplexity="3" nPathComplexity="0" sequenceCoverage="100" branchCoverage="100" crapScore="3" isConstructor="true" isStatic="false" isGetter="false" isSetter="false">
              <Summary numSequencePoints="6" visitedSequencePoints="6" numBranchPoints="1" visitedBranchPoints="1" sequenceCoverage="100" branchCoverage="100" maxCyclomaticComplexity="3" minCyclomaticComplexity="3" maxCrapScore="3" minCrapScore="3" visitedClasses="0" numClasses="0" visitedMethods="1" numMethods="1" />
              <MetadataToken>100663305</MetadataToken>
              <Name>System.Void Prova1.Application.Features.Products.MappingProfile::.ctor()</Name>
              <FileRef uid="3" />
              <SequencePoints>
                <SequencePoint vc="2" uspid="13" ordinal="0" offset="0" sl="10" sc="9" el="10" ec="32" bec="0" bev="0" fileid="3" />
                <SequencePoint vc="2" uspid="14" ordinal="1" offset="7" sl="11" sc="9" el="11" ec="10" bec="0" bev="0" fileid="3" />
                <SequencePoint vc="2" uspid="15" ordinal="2" offset="8" sl="12" sc="13" el="12" ec="58" bec="0" bev="0" fileid="3" />
                <SequencePoint vc="2" uspid="16" ordinal="3" offset="15" sl="13" sc="13" el="15" ec="86" bec="0" bev="0" fileid="3" />
                <SequencePoint vc="2" uspid="17" ordinal="4" offset="208" sl="16" sc="13" el="16" ec="56" bec="0" bev="0" fileid="3" />
                <SequencePoint vc="2" uspid="18" ordinal="5" offset="215" sl="17" sc="9" el="17" ec="10" bec="0" bev="0" fileid="3" />
              </SequencePoints>
              <BranchPoints />
              <MethodPoint xsi:type="SequencePoint" vc="2" uspid="13" ordinal="0" offset="0" sl="10" sc="9" el="10" ec="32" bec="0" bev="0" fileid="3" />
            </Method>
          </Methods>
        </Class>
        <Class>
          <Summary numSequencePoints="2" visitedSequencePoints="2" numBranchPoints="2" visitedBranchPoints="2" sequenceCoverage="100" branchCoverage="100" maxCyclomaticComplexity="1" minCyclomaticComplexity="1" maxCrapScore="2" minCrapScore="1" visitedClasses="1" numClasses="1" visitedMethods="2" numMethods="2" />
          <FullName>Prova1.Application.Features.Products.MappingProfile/&lt;&gt;c</FullName>
          <Methods>
            <Method visited="false" cyclomaticComplexity="1" nPathComplexity="0" sequenceCoverage="0" branchCoverage="0" crapScore="2" isConstructor="true" isStatic="true" isGetter="false" isSetter="false">
              <Summary numSequencePoints="0" visitedSequencePoints="0" numBranchPoints="0" visitedBranchPoints="0" sequenceCoverage="0" branchCoverage="0" maxCyclomaticComplexity="1" minCyclomaticComplexity="1" maxCrapScore="2" minCrapScore="2" visitedClasses="0" numClasses="0" visitedMethods="0" numMethods="0" />
              <MetadataToken>100663411</MetadataToken>
              <Name>System.Void Prova1.Application.Features.Products.MappingProfile/&lt;&gt;c::.cctor()</Name>
              <SequencePoints />
              <BranchPoints />
              <MethodPoint vc="0" uspid="23" ordinal="0" offset="0" />
            </Method>
            <Method visited="false" cyclomaticComplexity="1" nPathComplexity="0" sequenceCoverage="0" branchCoverage="0" crapScore="2" isConstructor="true" isStatic="false" isGetter="false" isSetter="false">
              <Summary numSequencePoints="0" visitedSequencePoints="0" numBranchPoints="0" visitedBranchPoints="0" sequenceCoverage="0" branchCoverage="0" maxCyclomaticComplexity="1" minCyclomaticComplexity="1" maxCrapScore="2" minCrapScore="2" visitedClasses="0" numClasses="0" visitedMethods="0" numMethods="0" />
              <MetadataToken>100663412</MetadataToken>
              <Name>System.Void Prova1.Application.Features.Products.MappingProfile/&lt;&gt;c::.ctor()</Name>
              <SequencePoints />
              <BranchPoints />
              <MethodPoint vc="0" uspid="24" ordinal="0" offset="0" />
            </Method>
            <Method visited="true" cyclomaticComplexity="1" nPathComplexity="0" sequenceCoverage="100" branchCoverage="100" crapScore="1" isConstructor="false" isStatic="false" isGetter="false" isSetter="false">
              <Summary numSequencePoints="1" visitedSequencePoints="1" numBranchPoints="1" visitedBranchPoints="1" sequenceCoverage="100" branchCoverage="100" maxCyclomaticComplexity="1" minCyclomaticComplexity="1" maxCrapScore="1" minCrapScore="1" visitedClasses="0" numClasses="0" visitedMethods="1" numMethods="1" />
              <MetadataToken>100663413</MetadataToken>
              <Name>System.Void Prova1.Application.Features.Products.MappingProfile/&lt;&gt;c::&lt;.ctor&gt;b__0_1(AutoMapper.IMemberConfigurationExpression`3&lt;Prova1.Domain.Products.Product,Prova1.Application.Features.Products.Queries.ProductQuery,System.String&gt;)</Name>
              <FileRef uid="3" />
              <SequencePoints>
                <SequencePoint vc="2" uspid="25" ordinal="0" offset="0" sl="14" sc="54" el="14" ec="86" bec="0" bev="0" fileid="3" />
              </SequencePoints>
              <BranchPoints />
              <MethodPoint xsi:type="SequencePoint" vc="2" uspid="25" ordinal="0" offset="0" sl="14" sc="54" el="14" ec="86" bec="0" bev="0" fileid="3" />
            </Method>
            <Method visited="true" cyclomaticComplexity="1" nPathComplexity="0" sequenceCoverage="100" branchCoverage="100" crapScore="1" isConstructor="false" isStatic="false" isGetter="false" isSetter="false">
              <Summary numSequencePoints="1" visitedSequencePoints="1" numBranchPoints="1" visitedBranchPoints="1" sequenceCoverage="100" branchCoverage="100" maxCyclomaticComplexity="1" minCyclomaticComplexity="1" maxCrapScore="1" minCrapScore="1" visitedClasses="0" numClasses="0" visitedMethods="1" numMethods="1" />
              <MetadataToken>100663414</MetadataToken>
              <Name>System.Void Prova1.Application.Features.Products.MappingProfile/&lt;&gt;c::&lt;.ctor&gt;b__0_3(AutoMapper.IMemberConfigurationExpression`3&lt;Prova1.Domain.Products.Product,Prova1.Application.Features.Products.Queries.ProductQuery,System.String&gt;)</Name>
              <FileRef uid="3" />
              <SequencePoints>
                <SequencePoint vc="2" uspid="26" ordinal="0" offset="0" sl="15" sc="53" el="15" ec="84" bec="0" bev="0" fileid="3" />
              </SequencePoints>
              <BranchPoints />
              <MethodPoint xsi:type="SequencePoint" vc="2" uspid="26" ordinal="0" offset="0" sl="15" sc="53" el="15" ec="84" bec="0" bev="0" fileid="3" />
            </Method>
          </Methods>
        </Class>
        <Class>
          <Summary numSequencePoints="26" visitedSequencePoints="26" numBranchPoints="8" visitedBranchPoints="8" sequenceCoverage="100" branchCoverage="100" maxCyclomaticComplexity="2" minCyclomaticComplexity="1" maxCrapScore="2" minCrapScore="1" visitedClasses="1" numClasses="1" visitedMethods="6" numMethods="6" />
          <FullName>Prova1.Application.Features.Products.ProductService</FullName>
          <Methods>
            <Method visited="true" cyclomaticComplexity="1" nPathComplexity="0" sequenceCoverage="100" branchCoverage="100" crapScore="1" isConstructor="true" isStatic="false" isGetter="false" isSetter="false">
              <Summary numSequencePoints="4" visitedSequencePoints="4" numBranchPoints="1" visitedBranchPoints="1" sequenceCoverage="100" branchCoverage="100" maxCyclomaticComplexity="1" minCyclomaticComplexity="1" maxCrapScore="1" minCrapScore="1" visitedClasses="0" numClasses="0" visitedMethods="1" numMethods="1" />
              <MetadataToken>100663306</MetadataToken>
              <Name>System.Void Prova1.Application.Features.Products.ProductService::.ctor(Prova1.Domain.Features.Products.IProductRepository)</Name>
              <FileRef uid="5" />
              <SequencePoints>
                <SequencePoint vc="9" uspid="27" ordinal="0" offset="0" sl="19" sc="9" el="19" ec="68" bec="0" bev="0" fileid="5" />
                <SequencePoint vc="9" uspid="28" ordinal="1" offset="7" sl="20" sc="9" el="20" ec="10" bec="0" bev="0" fileid="5" />
                <SequencePoint vc="9" uspid="29" ordinal="2" offset="8" sl="21" sc="13" el="21" ec="52" bec="0" bev="0" fileid="5" />
                <SequencePoint vc="9" uspid="30" ordinal="3" offset="15" sl="22" sc="9" el="22" ec="10" bec="0" bev="0" fileid="5" />
              </SequencePoints>
              <BranchPoints />
              <MethodPoint xsi:type="SequencePoint" vc="9" uspid="27" ordinal="0" offset="0" sl="19" sc="9" el="19" ec="68" bec="0" bev="0" fileid="5" />
            </Method>
            <Method visited="true" cyclomaticComplexity="1" nPathComplexity="0" sequenceCoverage="100" branchCoverage="100" crapScore="1" isConstructor="false" isStatic="false" isGetter="false" isSetter="false">
              <Summary numSequencePoints="5" visitedSequencePoints="5" numBranchPoints="1" visitedBranchPoints="1" sequenceCoverage="100" branchCoverage="100" maxCyclomaticComplexity="1" minCyclomaticComplexity="1" maxCrapScore="1" minCrapScore="1" visitedClasses="0" numClasses="0" visitedMethods="1" numMethods="1" />
              <MetadataToken>100663307</MetadataToken>
              <Name>System.Int32 Prova1.Application.Features.Products.ProductService::Add(Prova1.Application.Features.Products.Commands.ProductRegisterCommand)</Name>
              <FileRef uid="5" />
              <SequencePoints>
                <SequencePoint vc="2" uspid="31" ordinal="0" offset="0" sl="25" sc="9" el="25" ec="10" bec="0" bev="0" fileid="5" />
                <SequencePoint vc="2" uspid="32" ordinal="1" offset="1" sl="26" sc="13" el="26" ec="83" bec="0" bev="0" fileid="5" />
                <SequencePoint vc="2" uspid="33" ordinal="2" offset="8" sl="27" sc="13" el="27" ec="62" bec="0" bev="0" fileid="5" />
                <SequencePoint vc="1" uspid="34" ordinal="3" offset="21" sl="29" sc="13" el="29" ec="34" bec="0" bev="0" fileid="5" />
                <SequencePoint vc="1" uspid="35" ordinal="4" offset="30" sl="30" sc="9" el="30" ec="10" bec="0" bev="0" fileid="5" />
              </SequencePoints>
              <BranchPoints />
              <MethodPoint xsi:type="SequencePoint" vc="2" uspid="31" ordinal="0" offset="0" sl="25" sc="9" el="25" ec="10" bec="0" bev="0" fileid="5" />
            </Method>
            <Method visited="true" cyclomaticComplexity="1" nPathComplexity="0" sequenceCoverage="100" branchCoverage="100" crapScore="1" isConstructor="false" isStatic="false" isGetter="false" isSetter="false">
              <Summary numSequencePoints="3" visitedSequencePoints="3" numBranchPoints="1" visitedBranchPoints="1" sequenceCoverage="100" branchCoverage="100" maxCyclomaticComplexity="1" minCyclomaticComplexity="1" maxCrapScore="1" minCrapScore="1" visitedClasses="0" numClasses="0" visitedMethods="1" numMethods="1" />
              <MetadataToken>100663308</MetadataToken>
              <Name>System.Linq.IQueryable`1&lt;Prova1.Domain.Products.Product&gt; Prova1.Application.Features.Products.ProductService::GetAll()</Name>
              <FileRef uid="5" />
              <SequencePoints>
                <SequencePoint vc="1" uspid="36" ordinal="0" offset="0" sl="33" sc="9" el="33" ec="10" bec="0" bev="0" fileid="5" />
                <SequencePoint vc="1" uspid="37" ordinal="1" offset="1" sl="34" sc="13" el="34" ec="48" bec="0" bev="0" fileid="5" />
                <SequencePoint vc="1" uspid="38" ordinal="2" offset="15" sl="35" sc="9" el="35" ec="10" bec="0" bev="0" fileid="5" />
              </SequencePoints>
              <BranchPoints />
              <MethodPoint xsi:type="SequencePoint" vc="1" uspid="36" ordinal="0" offset="0" sl="33" sc="9" el="33" ec="10" bec="0" bev="0" fileid="5" />
            </Method>
            <Method visited="true" cyclomaticComplexity="1" nPathComplexity="0" sequenceCoverage="100" branchCoverage="100" crapScore="1" isConstructor="false" isStatic="false" isGetter="false" isSetter="false">
              <Summary numSequencePoints="4" visitedSequencePoints="4" numBranchPoints="1" visitedBranchPoints="1" sequenceCoverage="100" branchCoverage="100" maxCyclomaticComplexity="1" minCyclomaticComplexity="1" maxCrapScore="1" minCrapScore="1" visitedClasses="0" numClasses="0" visitedMethods="1" numMethods="1" />
              <MetadataToken>100663309</MetadataToken>
              <Name>Prova1.Application.Features.Products.Queries.ProductQuery Prova1.Application.Features.Products.ProductService::GetById(System.Int32)</Name>
              <FileRef uid="5" />
              <SequencePoints>
                <SequencePoint vc="2" uspid="39" ordinal="0" offset="0" sl="38" sc="9" el="38" ec="10" bec="0" bev="0" fileid="5" />
                <SequencePoint vc="2" uspid="40" ordinal="1" offset="1" sl="39" sc="13" el="39" ec="58" bec="0" bev="0" fileid="5" />
                <SequencePoint vc="1" uspid="41" ordinal="2" offset="14" sl="41" sc="13" el="41" ec="63" bec="0" bev="0" fileid="5" />
                <SequencePoint vc="1" uspid="42" ordinal="3" offset="23" sl="42" sc="9" el="42" ec="10" bec="0" bev="0" fileid="5" />
              </SequencePoints>
              <BranchPoints />
              <MethodPoint xsi:type="SequencePoint" vc="2" uspid="39" ordinal="0" offset="0" sl="38" sc="9" el="38" ec="10" bec="0" bev="0" fileid="5" />
            </Method>
            <Method visited="true" cyclomaticComplexity="1" nPathComplexity="0" sequenceCoverage="100" branchCoverage="100" crapScore="1" isConstructor="false" isStatic="false" isGetter="false" isSetter="false">
              <Summary numSequencePoints="3" visitedSequencePoints="3" numBranchPoints="1" visitedBranchPoints="1" sequenceCoverage="100" branchCoverage="100" maxCyclomaticComplexity="1" minCyclomaticComplexity="1" maxCrapScore="1" minCrapScore="1" visitedClasses="0" numClasses="0" visitedMethods="1" numMethods="1" />
              <MetadataToken>100663310</MetadataToken>
              <Name>System.Boolean Prova1.Application.Features.Products.ProductService::Remove(Prova1.Application.Features.Products.Commands.ProductRemoveCommand)</Name>
              <FileRef uid="5" />
              <SequencePoints>
                <SequencePoint vc="2" uspid="43" ordinal="0" offset="0" sl="45" sc="9" el="45" ec="10" bec="0" bev="0" fileid="5" />
                <SequencePoint vc="2" uspid="44" ordinal="1" offset="1" sl="46" sc="13" el="46" ec="54" bec="0" bev="0" fileid="5" />
                <SequencePoint vc="1" uspid="45" ordinal="2" offset="21" sl="47" sc="9" el="47" ec="10" bec="0" bev="0" fileid="5" />
              </SequencePoints>
              <BranchPoints />
              <MethodPoint xsi:type="SequencePoint" vc="2" uspid="43" ordinal="0" offset="0" sl="45" sc="9" el="45" ec="10" bec="0" bev="0" fileid="5" />
            </Method>
            <Method visited="true" cyclomaticComplexity="2" nPathComplexity="2" sequenceCoverage="100" branchCoverage="100" crapScore="2" isConstructor="false" isStatic="false" isGetter="false" isSetter="false">
              <Summary numSequencePoints="7" visitedSequencePoints="7" numBranchPoints="3" visitedBranchPoints="3" sequenceCoverage="100" branchCoverage="100" maxCyclomaticComplexity="2" minCyclomaticComplexity="2" maxCrapScore="2" minCrapScore="2" visitedClasses="0" numClasses="0" visitedMethods="1" numMethods="1" />
              <MetadataToken>100663311</MetadataToken>
              <Name>System.Boolean Prova1.Application.Features.Products.ProductService::Update(Prova1.Application.Features.Products.Commands.ProductUpdateCommand)</Name>
              <FileRef uid="5" />
              <SequencePoints>
                <SequencePoint vc="2" uspid="46" ordinal="0" offset="0" sl="50" sc="9" el="50" ec="10" bec="0" bev="0" fileid="5" />
                <SequencePoint vc="2" uspid="47" ordinal="1" offset="1" sl="51" sc="13" el="51" ec="69" bec="0" bev="0" fileid="5" />
                <SequencePoint vc="2" uspid="48" ordinal="2" offset="19" sl="52" sc="13" el="52" ec="33" bec="2" bev="2" fileid="5" />
                <SequencePoint vc="1" uspid="49" ordinal="3" offset="30" sl="53" sc="17" el="53" ec="47" bec="0" bev="0" fileid="5" />
                <SequencePoint vc="1" uspid="50" ordinal="4" offset="36" sl="54" sc="13" el="54" ec="45" bec="0" bev="0" fileid="5" />
                <SequencePoint vc="1" uspid="51" ordinal="5" offset="44" sl="56" sc="13" el="56" ec="55" bec="0" bev="0" fileid="5" />
                <SequencePoint vc="1" uspid="52" ordinal="6" offset="59" sl="57" sc="9" el="57" ec="10" bec="0" bev="0" fileid="5" />
              </SequencePoints>
              <BranchPoints>
                <BranchPoint vc="1" uspid="53" ordinal="0" offset="28" sl="52" path="0" offsetend="30" fileid="5" />
                <BranchPoint vc="1" uspid="54" ordinal="1" offset="28" sl="52" path="1" offsetend="36" fileid="5" />
              </BranchPoints>
              <MethodPoint xsi:type="SequencePoint" vc="2" uspid="46" ordinal="0" offset="0" sl="50" sc="9" el="50" ec="10" bec="0" bev="0" fileid="5" />
            </Method>
          </Methods>
        </Class>
        <Class>
          <Summary numSequencePoints="0" visitedSequencePoints="0" numBranchPoints="0" visitedBranchPoints="0" sequenceCoverage="0" branchCoverage="0" maxCyclomaticComplexity="1" minCyclomaticComplexity="1" maxCrapScore="2" minCrapScore="2" visitedClasses="0" numClasses="0" visitedMethods="0" numMethods="0" />
          <FullName>Prova1.Application.Features.Products.Queries.ProductQuery</FullName>
          <Methods>
            <Method skippedDueTo="AutoImplementedProperty" visited="false" cyclomaticComplexity="1" nPathComplexity="0" sequenceCoverage="0" branchCoverage="0" crapScore="0" isConstructor="false" isStatic="false" isGetter="true" isSetter="false">
              <MetadataToken>100663312</MetadataToken>
              <Name>System.Int32 Prova1.Application.Features.Products.Queries.ProductQuery::get_Id()</Name>
              <FileRef uid="6" />
              <SequencePoints />
              <BranchPoints />
            </Method>
            <Method skippedDueTo="AutoImplementedProperty" visited="false" cyclomaticComplexity="1" nPathComplexity="0" sequenceCoverage="0" branchCoverage="0" crapScore="0" isConstructor="false" isStatic="false" isGetter="false" isSetter="true">
              <MetadataToken>100663313</MetadataToken>
              <Name>System.Void Prova1.Application.Features.Products.Queries.ProductQuery::set_Id(System.Int32)</Name>
              <FileRef uid="6" />
              <SequencePoints />
              <BranchPoints />
            </Method>
            <Method skippedDueTo="AutoImplementedProperty" visited="false" cyclomaticComplexity="1" nPathComplexity="0" sequenceCoverage="0" branchCoverage="0" crapScore="0" isConstructor="false" isStatic="false" isGetter="true" isSetter="false">
              <MetadataToken>100663314</MetadataToken>
              <Name>System.String Prova1.Application.Features.Products.Queries.ProductQuery::get_Name()</Name>
              <FileRef uid="6" />
              <SequencePoints />
              <BranchPoints />
            </Method>
            <Method skippedDueTo="AutoImplementedProperty" visited="false" cyclomaticComplexity="1" nPathComplexity="0" sequenceCoverage="0" branchCoverage="0" crapScore="0" isConstructor="false" isStatic="false" isGetter="false" isSetter="true">
              <MetadataToken>100663315</MetadataToken>
              <Name>System.Void Prova1.Application.Features.Products.Queries.ProductQuery::set_Name(System.String)</Name>
              <FileRef uid="6" />
              <SequencePoints />
              <BranchPoints />
            </Method>
            <Method skippedDueTo="AutoImplementedProperty" visited="false" cyclomaticComplexity="1" nPathComplexity="0" sequenceCoverage="0" branchCoverage="0" crapScore="0" isConstructor="false" isStatic="false" isGetter="true" isSetter="false">
              <MetadataToken>100663316</MetadataToken>
              <Name>System.Double Prova1.Application.Features.Products.Queries.ProductQuery::get_Sale()</Name>
              <FileRef uid="6" />
              <SequencePoints />
              <BranchPoints />
            </Method>
            <Method skippedDueTo="AutoImplementedProperty" visited="false" cyclomaticComplexity="1" nPathComplexity="0" sequenceCoverage="0" branchCoverage="0" crapScore="0" isConstructor="false" isStatic="false" isGetter="false" isSetter="true">
              <MetadataToken>100663317</MetadataToken>
              <Name>System.Void Prova1.Application.Features.Products.Queries.ProductQuery::set_Sale(System.Double)</Name>
              <FileRef uid="6" />
              <SequencePoints />
              <BranchPoints />
            </Method>
            <Method skippedDueTo="AutoImplementedProperty" visited="false" cyclomaticComplexity="1" nPathComplexity="0" sequenceCoverage="0" branchCoverage="0" crapScore="0" isConstructor="false" isStatic="false" isGetter="true" isSetter="false">
              <MetadataToken>100663318</MetadataToken>
              <Name>System.Double Prova1.Application.Features.Products.Queries.ProductQuery::get_Expense()</Name>
              <FileRef uid="6" />
              <SequencePoints />
              <BranchPoints />
            </Method>
            <Method skippedDueTo="AutoImplementedProperty" visited="false" cyclomaticComplexity="1" nPathComplexity="0" sequenceCoverage="0" branchCoverage="0" crapScore="0" isConstructor="false" isStatic="false" isGetter="false" isSetter="true">
              <MetadataToken>100663319</MetadataToken>
              <Name>System.Void Prova1.Application.Features.Products.Queries.ProductQuery::set_Expense(System.Double)</Name>
              <FileRef uid="6" />
              <SequencePoints />
              <BranchPoints />
            </Method>
            <Method skippedDueTo="AutoImplementedProperty" visited="false" cyclomaticComplexity="1" nPathComplexity="0" sequenceCoverage="0" branchCoverage="0" crapScore="0" isConstructor="false" isStatic="false" isGetter="true" isSetter="false">
              <MetadataToken>100663320</MetadataToken>
              <Name>System.Boolean Prova1.Application.Features.Products.Queries.ProductQuery::get_IsAvailable()</Name>
              <FileRef uid="6" />
              <SequencePoints />
              <BranchPoints />
            </Method>
            <Method skippedDueTo="AutoImplementedProperty" visited="false" cyclomaticComplexity="1" nPathComplexity="0" sequenceCoverage="0" branchCoverage="0" crapScore="0" isConstructor="false" isStatic="false" isGetter="false" isSetter="true">
              <MetadataToken>100663321</MetadataToken>
              <Name>System.Void Prova1.Application.Features.Products.Queries.ProductQuery::set_IsAvailable(System.Boolean)</Name>
              <FileRef uid="6" />
              <SequencePoints />
              <BranchPoints />
            </Method>
            <Method skippedDueTo="AutoImplementedProperty" visited="false" cyclomaticComplexity="1" nPathComplexity="0" sequenceCoverage="0" branchCoverage="0" crapScore="0" isConstructor="false" isStatic="false" isGetter="true" isSetter="false">
              <MetadataToken>100663322</MetadataToken>
              <Name>System.String Prova1.Application.Features.Products.Queries.ProductQuery::get_Manufacture()</Name>
              <FileRef uid="6" />
              <SequencePoints />
              <BranchPoints />
            </Method>
            <Method skippedDueTo="AutoImplementedProperty" visited="false" cyclomaticComplexity="1" nPathComplexity="0" sequenceCoverage="0" branchCoverage="0" crapScore="0" isConstructor="false" isStatic="false" isGetter="false" isSetter="true">
              <MetadataToken>100663323</MetadataToken>
              <Name>System.Void Prova1.Application.Features.Products.Queries.ProductQuery::set_Manufacture(System.String)</Name>
              <FileRef uid="6" />
              <SequencePoints />
              <BranchPoints />
            </Method>
            <Method skippedDueTo="AutoImplementedProperty" visited="false" cyclomaticComplexity="1" nPathComplexity="0" sequenceCoverage="0" branchCoverage="0" crapScore="0" isConstructor="false" isStatic="false" isGetter="true" isSetter="false">
              <MetadataToken>100663324</MetadataToken>
              <Name>System.String Prova1.Application.Features.Products.Queries.ProductQuery::get_Expiration()</Name>
              <FileRef uid="6" />
              <SequencePoints />
              <BranchPoints />
            </Method>
            <Method skippedDueTo="AutoImplementedProperty" visited="false" cyclomaticComplexity="1" nPathComplexity="0" sequenceCoverage="0" branchCoverage="0" crapScore="0" isConstructor="false" isStatic="false" isGetter="false" isSetter="true">
              <MetadataToken>100663325</MetadataToken>
              <Name>System.Void Prova1.Application.Features.Products.Queries.ProductQuery::set_Expiration(System.String)</Name>
              <FileRef uid="6" />
              <SequencePoints />
              <BranchPoints />
            </Method>
            <Method visited="false" cyclomaticComplexity="1" nPathComplexity="0" sequenceCoverage="0" branchCoverage="0" crapScore="2" isConstructor="true" isStatic="false" isGetter="false" isSetter="false">
              <Summary numSequencePoints="0" visitedSequencePoints="0" numBranchPoints="0" visitedBranchPoints="0" sequenceCoverage="0" branchCoverage="0" maxCyclomaticComplexity="1" minCyclomaticComplexity="1" maxCrapScore="2" minCrapScore="2" visitedClasses="0" numClasses="0" visitedMethods="0" numMethods="0" />
              <MetadataToken>100663326</MetadataToken>
              <Name>System.Void Prova1.Application.Features.Products.Queries.ProductQuery::.ctor()</Name>
              <SequencePoints />
              <BranchPoints />
              <MethodPoint vc="0" uspid="55" ordinal="0" offset="0" />
            </Method>
          </Methods>
        </Class>
        <Class>
          <Summary numSequencePoints="6" visitedSequencePoints="6" numBranchPoints="1" visitedBranchPoints="1" sequenceCoverage="100" branchCoverage="100" maxCyclomaticComplexity="4" minCyclomaticComplexity="4" maxCrapScore="4" minCrapScore="4" visitedClasses="1" numClasses="1" visitedMethods="1" numMethods="1" />
          <FullName>Prova1.Application.Features.Orders.MappingProfile</FullName>
          <Methods>
            <Method visited="true" cyclomaticComplexity="4" nPathComplexity="0" sequenceCoverage="100" branchCoverage="100" crapScore="4" isConstructor="true" isStatic="false" isGetter="false" isSetter="false">
              <Summary numSequencePoints="6" visitedSequencePoints="6" numBranchPoints="1" visitedBranchPoints="1" sequenceCoverage="100" branchCoverage="100" maxCyclomaticComplexity="4" minCyclomaticComplexity="4" maxCrapScore="4" minCrapScore="4" visitedClasses="0" numClasses="0" visitedMethods="1" numMethods="1" />
              <MetadataToken>100663366</MetadataToken>
              <Name>System.Void Prova1.Application.Features.Orders.MappingProfile::.ctor()</Name>
              <FileRef uid="7" />
              <SequencePoints>
                <SequencePoint vc="2" uspid="56" ordinal="0" offset="0" sl="15" sc="9" el="15" ec="32" bec="0" bev="0" fileid="7" />
                <SequencePoint vc="2" uspid="57" ordinal="1" offset="7" sl="16" sc="9" el="16" ec="10" bec="0" bev="0" fileid="7" />
                <SequencePoint vc="2" uspid="58" ordinal="2" offset="8" sl="17" sc="13" el="17" ec="54" bec="0" bev="0" fileid="7" />
                <SequencePoint vc="2" uspid="59" ordinal="3" offset="15" sl="18" sc="13" el="21" ec="76" bec="0" bev="0" fileid="7" />
                <SequencePoint vc="2" uspid="60" ordinal="4" offset="301" sl="22" sc="13" el="22" ec="52" bec="0" bev="0" fileid="7" />
                <SequencePoint vc="2" uspid="61" ordinal="5" offset="308" sl="23" sc="9" el="23" ec="10" bec="0" bev="0" fileid="7" />
              </SequencePoints>
              <BranchPoints />
              <MethodPoint xsi:type="SequencePoint" vc="2" uspid="56" ordinal="0" offset="0" sl="15" sc="9" el="15" ec="32" bec="0" bev="0" fileid="7" />
            </Method>
          </Methods>
        </Class>
        <Class>
          <Summary numSequencePoints="3" visitedSequencePoints="3" numBranchPoints="3" visitedBranchPoints="3" sequenceCoverage="100" branchCoverage="100" maxCyclomaticComplexity="1" minCyclomaticComplexity="1" maxCrapScore="2" minCrapScore="1" visitedClasses="1" numClasses="1" visitedMethods="3" numMethods="3" />
          <FullName>Prova1.Application.Features.Orders.MappingProfile/&lt;&gt;c</FullName>
          <Methods>
            <Method visited="false" cyclomaticComplexity="1" nPathComplexity="0" sequenceCoverage="0" branchCoverage="0" crapScore="2" isConstructor="true" isStatic="true" isGetter="false" isSetter="false">
              <Summary numSequencePoints="0" visitedSequencePoints="0" numBranchPoints="0" visitedBranchPoints="0" sequenceCoverage="0" branchCoverage="0" maxCyclomaticComplexity="1" minCyclomaticComplexity="1" maxCrapScore="2" minCrapScore="2" visitedClasses="0" numClasses="0" visitedMethods="0" numMethods="0" />
              <MetadataToken>100663418</MetadataToken>
              <Name>System.Void Prova1.Application.Features.Orders.MappingProfile/&lt;&gt;c::.cctor()</Name>
              <SequencePoints />
              <BranchPoints />
              <MethodPoint vc="0" uspid="68" ordinal="0" offset="0" />
            </Method>
            <Method visited="false" cyclomaticComplexity="1" nPathComplexity="0" sequenceCoverage="0" branchCoverage="0" crapScore="2" isConstructor="true" isStatic="false" isGetter="false" isSetter="false">
              <Summary numSequencePoints="0" visitedSequencePoints="0" numBranchPoints="0" visitedBranchPoints="0" sequenceCoverage="0" branchCoverage="0" maxCyclomaticComplexity="1" minCyclomaticComplexity="1" maxCrapScore="2" minCrapScore="2" visitedClasses="0" numClasses="0" visitedMethods="0" numMethods="0" />
              <MetadataToken>100663419</MetadataToken>
              <Name>System.Void Prova1.Application.Features.Orders.MappingProfile/&lt;&gt;c::.ctor()</Name>
              <SequencePoints />
              <BranchPoints />
              <MethodPoint vc="0" uspid="69" ordinal="0" offset="0" />
            </Method>
            <Method visited="true" cyclomaticComplexity="1" nPathComplexity="0" sequenceCoverage="100" branchCoverage="100" crapScore="1" isConstructor="false" isStatic="false" isGetter="false" isSetter="false">
              <Summary numSequencePoints="1" visitedSequencePoints="1" numBranchPoints="1" visitedBranchPoints="1" sequenceCoverage="100" branchCoverage="100" maxCyclomaticComplexity="1" minCyclomaticComplexity="1" maxCrapScore="1" minCrapScore="1" visitedClasses="0" numClasses="0" visitedMethods="1" numMethods="1" />
              <MetadataToken>100663420</MetadataToken>
              <Name>System.Void Prova1.Application.Features.Orders.MappingProfile/&lt;&gt;c::&lt;.ctor&gt;b__0_1(AutoMapper.IMemberConfigurationExpression`3&lt;Prova1.Domain.Orders.Order,Prova1.Application.Features.Orders.Queries.OrderQuery,System.String&gt;)</Name>
              <FileRef uid="7" />
              <SequencePoints>
                <SequencePoint vc="2" uspid="70" ordinal="0" offset="0" sl="19" sc="56" el="19" ec="87" bec="0" bev="0" fileid="7" />
              </SequencePoints>
              <BranchPoints />
              <MethodPoint xsi:type="SequencePoint" vc="2" uspid="70" ordinal="0" offset="0" sl="19" sc="56" el="19" ec="87" bec="0" bev="0" fileid="7" />
            </Method>
            <Method visited="true" cyclomaticComplexity="1" nPathComplexity="0" sequenceCoverage="100" branchCoverage="100" crapScore="1" isConstructor="false" isStatic="false" isGetter="false" isSetter="false">
              <Summary numSequencePoints="1" visitedSequencePoints="1" numBranchPoints="1" visitedBranchPoints="1" sequenceCoverage="100" branchCoverage="100" maxCyclomaticComplexity="1" minCyclomaticComplexity="1" maxCrapScore="1" minCrapScore="1" visitedClasses="0" numClasses="0" visitedMethods="1" numMethods="1" />
              <MetadataToken>100663421</MetadataToken>
              <Name>System.Void Prova1.Application.Features.Orders.MappingProfile/&lt;&gt;c::&lt;.ctor&gt;b__0_3(AutoMapper.IMemberConfigurationExpression`3&lt;Prova1.Domain.Orders.Order,Prova1.Application.Features.Orders.Queries.OrderQuery,System.Int32&gt;)</Name>
              <FileRef uid="7" />
              <SequencePoints>
                <SequencePoint vc="2" uspid="71" ordinal="0" offset="0" sl="20" sc="54" el="20" ec="83" bec="0" bev="0" fileid="7" />
              </SequencePoints>
              <BranchPoints />
              <MethodPoint xsi:type="SequencePoint" vc="2" uspid="71" ordinal="0" offset="0" sl="20" sc="54" el="20" ec="83" bec="0" bev="0" fileid="7" />
            </Method>
            <Method visited="true" cyclomaticComplexity="1" nPathComplexity="0" sequenceCoverage="100" branchCoverage="100" crapScore="1" isConstructor="false" isStatic="false" isGetter="false" isSetter="false">
              <Summary numSequencePoints="1" visitedSequencePoints="1" numBranchPoints="1" visitedBranchPoints="1" sequenceCoverage="100" branchCoverage="100" maxCyclomaticComplexity="1" minCyclomaticComplexity="1" maxCrapScore="1" minCrapScore="1" visitedClasses="0" numClasses="0" visitedMethods="1" numMethods="1" />
              <MetadataToken>100663422</MetadataToken>
              <Name>System.Void Prova1.Application.Features.Orders.MappingProfile/&lt;&gt;c::&lt;.ctor&gt;b__0_5(AutoMapper.IMemberConfigurationExpression`3&lt;Prova1.Domain.Orders.Order,Prova1.Application.Features.Orders.Queries.OrderQuery,System.Double&gt;)</Name>
              <FileRef uid="7" />
              <SequencePoints>
                <SequencePoint vc="2" uspid="72" ordinal="0" offset="0" sl="21" sc="50" el="21" ec="74" bec="0" bev="0" fileid="7" />
              </SequencePoints>
              <BranchPoints />
              <MethodPoint xsi:type="SequencePoint" vc="2" uspid="72" ordinal="0" offset="0" sl="21" sc="50" el="21" ec="74" bec="0" bev="0" fileid="7" />
            </Method>
          </Methods>
        </Class>
        <Class>
          <Summary numSequencePoints="26" visitedSequencePoints="25" numBranchPoints="8" visitedBranchPoints="7" sequenceCoverage="96.15" branchCoverage="87.5" maxCyclomaticComplexity="2" minCyclomaticComplexity="1" maxCrapScore="2.01" minCrapScore="1" visitedClasses="1" numClasses="1" visitedMethods="6" numMethods="6" />
          <FullName>Prova1.Application.Features.Orders.OrderService</FullName>
          <Methods>
            <Method visited="true" cyclomaticComplexity="1" nPathComplexity="0" sequenceCoverage="100" branchCoverage="100" crapScore="1" isConstructor="true" isStatic="false" isGetter="false" isSetter="false">
              <Summary numSequencePoints="4" visitedSequencePoints="4" numBranchPoints="1" visitedBranchPoints="1" sequenceCoverage="100" branchCoverage="100" maxCyclomaticComplexity="1" minCyclomaticComplexity="1" maxCrapScore="1" minCrapScore="1" visitedClasses="0" numClasses="0" visitedMethods="1" numMethods="1" />
              <MetadataToken>100663367</MetadataToken>
              <Name>System.Void Prova1.Application.Features.Orders.OrderService::.ctor(Prova1.Domain.Features.Orders.IOrderRepository)</Name>
              <FileRef uid="9" />
              <SequencePoints>
                <SequencePoint vc="9" uspid="73" ordinal="0" offset="0" sl="19" sc="9" el="19" ec="62" bec="0" bev="0" fileid="9" />
                <SequencePoint vc="9" uspid="74" ordinal="1" offset="7" sl="20" sc="9" el="20" ec="10" bec="0" bev="0" fileid="9" />
                <SequencePoint vc="9" uspid="75" ordinal="2" offset="8" sl="21" sc="13" el="21" ec="48" bec="0" bev="0" fileid="9" />
                <SequencePoint vc="9" uspid="76" ordinal="3" offset="15" sl="22" sc="9" el="22" ec="10" bec="0" bev="0" fileid="9" />
              </SequencePoints>
              <BranchPoints />
              <MethodPoint xsi:type="SequencePoint" vc="9" uspid="73" ordinal="0" offset="0" sl="19" sc="9" el="19" ec="62" bec="0" bev="0" fileid="9" />
            </Method>
            <Method visited="true" cyclomaticComplexity="1" nPathComplexity="0" sequenceCoverage="100" branchCoverage="100" crapScore="1" isConstructor="false" isStatic="false" isGetter="false" isSetter="false">
              <Summary numSequencePoints="5" visitedSequencePoints="5" numBranchPoints="1" visitedBranchPoints="1" sequenceCoverage="100" branchCoverage="100" maxCyclomaticComplexity="1" minCyclomaticComplexity="1" maxCrapScore="1" minCrapScore="1" visitedClasses="0" numClasses="0" visitedMethods="1" numMethods="1" />
              <MetadataToken>100663368</MetadataToken>
              <Name>System.Int32 Prova1.Application.Features.Orders.OrderService::Add(Prova1.Application.Features.Orders.Commands.OrderRegisterCommand)</Name>
              <FileRef uid="9" />
              <SequencePoints>
                <SequencePoint vc="2" uspid="77" ordinal="0" offset="0" sl="25" sc="9" el="25" ec="10" bec="0" bev="0" fileid="9" />
                <SequencePoint vc="2" uspid="78" ordinal="1" offset="1" sl="26" sc="13" el="26" ec="75" bec="0" bev="0" fileid="9" />
                <SequencePoint vc="2" uspid="79" ordinal="2" offset="8" sl="27" sc="13" el="27" ec="56" bec="0" bev="0" fileid="9" />
                <SequencePoint vc="1" uspid="80" ordinal="3" offset="21" sl="29" sc="13" el="29" ec="32" bec="0" bev="0" fileid="9" />
                <SequencePoint vc="1" uspid="81" ordinal="4" offset="30" sl="30" sc="9" el="30" ec="10" bec="0" bev="0" fileid="9" />
              </SequencePoints>
              <BranchPoints />
              <MethodPoint xsi:type="SequencePoint" vc="2" uspid="77" ordinal="0" offset="0" sl="25" sc="9" el="25" ec="10" bec="0" bev="0" fileid="9" />
            </Method>
            <Method visited="true" cyclomaticComplexity="1" nPathComplexity="0" sequenceCoverage="100" branchCoverage="100" crapScore="1" isConstructor="false" isStatic="false" isGetter="false" isSetter="false">
              <Summary numSequencePoints="3" visitedSequencePoints="3" numBranchPoints="1" visitedBranchPoints="1" sequenceCoverage="100" branchCoverage="100" maxCyclomaticComplexity="1" minCyclomaticComplexity="1" maxCrapScore="1" minCrapScore="1" visitedClasses="0" numClasses="0" visitedMethods="1" numMethods="1" />
              <MetadataToken>100663369</MetadataToken>
              <Name>System.Boolean Prova1.Application.Features.Orders.OrderService::Remove(Prova1.Application.Features.Orders.Commands.OrderRemoveCommand)</Name>
              <FileRef uid="9" />
              <SequencePoints>
                <SequencePoint vc="2" uspid="82" ordinal="0" offset="0" sl="33" sc="9" el="33" ec="10" bec="0" bev="0" fileid="9" />
                <SequencePoint vc="2" uspid="83" ordinal="1" offset="1" sl="34" sc="13" el="34" ec="52" bec="0" bev="0" fileid="9" />
                <SequencePoint vc="1" uspid="84" ordinal="2" offset="21" sl="35" sc="9" el="35" ec="10" bec="0" bev="0" fileid="9" />
              </SequencePoints>
              <BranchPoints />
              <MethodPoint xsi:type="SequencePoint" vc="2" uspid="82" ordinal="0" offset="0" sl="33" sc="9" el="33" ec="10" bec="0" bev="0" fileid="9" />
            </Method>
            <Method visited="true" cyclomaticComplexity="1" nPathComplexity="0" sequenceCoverage="100" branchCoverage="100" crapScore="1" isConstructor="false" isStatic="false" isGetter="false" isSetter="false">
              <Summary numSequencePoints="3" visitedSequencePoints="3" numBranchPoints="1" visitedBranchPoints="1" sequenceCoverage="100" branchCoverage="100" maxCyclomaticComplexity="1" minCyclomaticComplexity="1" maxCrapScore="1" minCrapScore="1" visitedClasses="0" numClasses="0" visitedMethods="1" numMethods="1" />
              <MetadataToken>100663370</MetadataToken>
              <Name>System.Linq.IQueryable`1&lt;Prova1.Domain.Orders.Order&gt; Prova1.Application.Features.Orders.OrderService::GetAll()</Name>
              <FileRef uid="9" />
              <SequencePoints>
                <SequencePoint vc="1" uspid="85" ordinal="0" offset="0" sl="38" sc="9" el="38" ec="10" bec="0" bev="0" fileid="9" />
                <SequencePoint vc="1" uspid="86" ordinal="1" offset="1" sl="39" sc="13" el="39" ec="46" bec="0" bev="0" fileid="9" />
                <SequencePoint vc="1" uspid="87" ordinal="2" offset="15" sl="40" sc="9" el="40" ec="10" bec="0" bev="0" fileid="9" />
              </SequencePoints>
              <BranchPoints />
              <MethodPoint xsi:type="SequencePoint" vc="1" uspid="85" ordinal="0" offset="0" sl="38" sc="9" el="38" ec="10" bec="0" bev="0" fileid="9" />
            </Method>
            <Method visited="true" cyclomaticComplexity="1" nPathComplexity="0" sequenceCoverage="100" branchCoverage="100" crapScore="1" isConstructor="false" isStatic="false" isGetter="false" isSetter="false">
              <Summary numSequencePoints="4" visitedSequencePoints="4" numBranchPoints="1" visitedBranchPoints="1" sequenceCoverage="100" branchCoverage="100" maxCyclomaticComplexity="1" minCyclomaticComplexity="1" maxCrapScore="1" minCrapScore="1" visitedClasses="0" numClasses="0" visitedMethods="1" numMethods="1" />
              <MetadataToken>100663371</MetadataToken>
              <Name>Prova1.Application.Features.Orders.Queries.OrderQuery Prova1.Application.Features.Orders.OrderService::GetById(System.Int32)</Name>
              <FileRef uid="9" />
              <SequencePoints>
                <SequencePoint vc="2" uspid="88" ordinal="0" offset="0" sl="43" sc="9" el="43" ec="10" bec="0" bev="0" fileid="9" />
                <SequencePoint vc="2" uspid="89" ordinal="1" offset="1" sl="44" sc="13" el="44" ec="61" bec="0" bev="0" fileid="9" />
                <SequencePoint vc="1" uspid="90" ordinal="2" offset="14" sl="46" sc="13" el="46" ec="64" bec="0" bev="0" fileid="9" />
                <SequencePoint vc="1" uspid="91" ordinal="3" offset="23" sl="47" sc="9" el="47" ec="10" bec="0" bev="0" fileid="9" />
              </SequencePoints>
              <BranchPoints />
              <MethodPoint xsi:type="SequencePoint" vc="2" uspid="88" ordinal="0" offset="0" sl="43" sc="9" el="43" ec="10" bec="0" bev="0" fileid="9" />
            </Method>
            <Method visited="true" cyclomaticComplexity="2" nPathComplexity="2" sequenceCoverage="85.71" branchCoverage="66.67" crapScore="2.01" isConstructor="false" isStatic="false" isGetter="false" isSetter="false">
              <Summary numSequencePoints="7" visitedSequencePoints="6" numBranchPoints="3" visitedBranchPoints="2" sequenceCoverage="85.71" branchCoverage="66.67" maxCyclomaticComplexity="2" minCyclomaticComplexity="2" maxCrapScore="2.01" minCrapScore="2.01" visitedClasses="0" numClasses="0" visitedMethods="1" numMethods="1" />
              <MetadataToken>100663372</MetadataToken>
              <Name>System.Boolean Prova1.Application.Features.Orders.OrderService::Update(Prova1.Application.Features.Orders.Commands.OrderUpdateCommand)</Name>
              <FileRef uid="9" />
              <SequencePoints>
                <SequencePoint vc="2" uspid="92" ordinal="0" offset="0" sl="50" sc="9" el="50" ec="10" bec="0" bev="0" fileid="9" />
                <SequencePoint vc="2" uspid="93" ordinal="1" offset="1" sl="51" sc="13" el="51" ec="63" bec="0" bev="0" fileid="9" />
                <SequencePoint vc="1" uspid="94" ordinal="2" offset="19" sl="52" sc="13" el="52" ec="31" bec="2" bev="1" fileid="9" />
                <SequencePoint vc="0" uspid="95" ordinal="3" offset="30" sl="53" sc="17" el="53" ec="47" bec="0" bev="0" fileid="9" />
                <SequencePoint vc="1" uspid="96" ordinal="4" offset="36" sl="54" sc="13" el="54" ec="41" bec="0" bev="0" fileid="9" />
                <SequencePoint vc="1" uspid="97" ordinal="5" offset="44" sl="56" sc="13" el="56" ec="51" bec="0" bev="0" fileid="9" />
                <SequencePoint vc="1" uspid="98" ordinal="6" offset="59" sl="57" sc="9" el="57" ec="10" bec="0" bev="0" fileid="9" />
              </SequencePoints>
              <BranchPoints>
                <BranchPoint vc="0" uspid="99" ordinal="0" offset="28" sl="52" path="0" offsetend="30" fileid="9" />
                <BranchPoint vc="1" uspid="100" ordinal="1" offset="28" sl="52" path="1" offsetend="36" fileid="9" />
              </BranchPoints>
              <MethodPoint xsi:type="SequencePoint" vc="2" uspid="92" ordinal="0" offset="0" sl="50" sc="9" el="50" ec="10" bec="0" bev="0" fileid="9" />
            </Method>
          </Methods>
        </Class>
        <Class>
          <Summary numSequencePoints="0" visitedSequencePoints="0" numBranchPoints="0" visitedBranchPoints="0" sequenceCoverage="0" branchCoverage="0" maxCyclomaticComplexity="1" minCyclomaticComplexity="1" maxCrapScore="2" minCrapScore="2" visitedClasses="0" numClasses="0" visitedMethods="0" numMethods="0" />
          <FullName>Prova1.Application.Features.Orders.Queries.OrderQuery</FullName>
          <Methods>
            <Method skippedDueTo="AutoImplementedProperty" visited="false" cyclomaticComplexity="1" nPathComplexity="0" sequenceCoverage="0" branchCoverage="0" crapScore="0" isConstructor="false" isStatic="false" isGetter="true" isSetter="false">
              <MetadataToken>100663373</MetadataToken>
              <Name>System.Int32 Prova1.Application.Features.Orders.Queries.OrderQuery::get_Id()</Name>
              <FileRef uid="10" />
              <SequencePoints />
              <BranchPoints />
            </Method>
            <Method skippedDueTo="AutoImplementedProperty" visited="false" cyclomaticComplexity="1" nPathComplexity="0" sequenceCoverage="0" branchCoverage="0" crapScore="0" isConstructor="false" isStatic="false" isGetter="false" isSetter="true">
              <MetadataToken>100663374</MetadataToken>
              <Name>System.Void Prova1.Application.Features.Orders.Queries.OrderQuery::set_Id(System.Int32)</Name>
              <FileRef uid="10" />
              <SequencePoints />
              <BranchPoints />
            </Method>
            <Method skippedDueTo="AutoImplementedProperty" visited="false" cyclomaticComplexity="1" nPathComplexity="0" sequenceCoverage="0" branchCoverage="0" crapScore="0" isConstructor="false" isStatic="false" isGetter="true" isSetter="false">
              <MetadataToken>100663375</MetadataToken>
              <Name>System.String Prova1.Application.Features.Orders.Queries.OrderQuery::get_Customer()</Name>
              <FileRef uid="10" />
              <SequencePoints />
              <BranchPoints />
            </Method>
            <Method skippedDueTo="AutoImplementedProperty" visited="false" cyclomaticComplexity="1" nPathComplexity="0" sequenceCoverage="0" branchCoverage="0" crapScore="0" isConstructor="false" isStatic="false" isGetter="false" isSetter="true">
              <MetadataToken>100663376</MetadataToken>
              <Name>System.Void Prova1.Application.Features.Orders.Queries.OrderQuery::set_Customer(System.String)</Name>
              <FileRef uid="10" />
              <SequencePoints />
              <BranchPoints />
            </Method>
            <Method skippedDueTo="AutoImplementedProperty" visited="false" cyclomaticComplexity="1" nPathComplexity="0" sequenceCoverage="0" branchCoverage="0" crapScore="0" isConstructor="false" isStatic="false" isGetter="true" isSetter="false">
              <MetadataToken>100663377</MetadataToken>
              <Name>System.Int32 Prova1.Application.Features.Orders.Queries.OrderQuery::get_Quantity()</Name>
              <FileRef uid="10" />
              <SequencePoints />
              <BranchPoints />
            </Method>
            <Method skippedDueTo="AutoImplementedProperty" visited="false" cyclomaticComplexity="1" nPathComplexity="0" sequenceCoverage="0" branchCoverage="0" crapScore="0" isConstructor="false" isStatic="false" isGetter="false" isSetter="true">
              <MetadataToken>100663378</MetadataToken>
              <Name>System.Void Prova1.Application.Features.Orders.Queries.OrderQuery::set_Quantity(System.Int32)</Name>
              <FileRef uid="10" />
              <SequencePoints />
              <BranchPoints />
            </Method>
            <Method skippedDueTo="AutoImplementedProperty" visited="false" cyclomaticComplexity="1" nPathComplexity="0" sequenceCoverage="0" branchCoverage="0" crapScore="0" isConstructor="false" isStatic="false" isGetter="true" isSetter="false">
              <MetadataToken>100663379</MetadataToken>
              <Name>System.Int32 Prova1.Application.Features.Orders.Queries.OrderQuery::get_ProductId()</Name>
              <FileRef uid="10" />
              <SequencePoints />
              <BranchPoints />
            </Method>
            <Method skippedDueTo="AutoImplementedProperty" visited="false" cyclomaticComplexity="1" nPathComplexity="0" sequenceCoverage="0" branchCoverage="0" crapScore="0" isConstructor="false" isStatic="false" isGetter="false" isSetter="true">
              <MetadataToken>100663380</MetadataToken>
              <Name>System.Void Prova1.Application.Features.Orders.Queries.OrderQuery::set_ProductId(System.Int32)</Name>
              <FileRef uid="10" />
              <SequencePoints />
              <BranchPoints />
            </Method>
            <Method skippedDueTo="AutoImplementedProperty" visited="false" cyclomaticComplexity="1" nPathComplexity="0" sequenceCoverage="0" branchCoverage="0" crapScore="0" isConstructor="false" isStatic="false" isGetter="true" isSetter="false">
              <MetadataToken>100663381</MetadataToken>
              <Name>System.String Prova1.Application.Features.Orders.Queries.OrderQuery::get_ProductName()</Name>
              <FileRef uid="10" />
              <SequencePoints />
              <BranchPoints />
            </Method>
            <Method skippedDueTo="AutoImplementedProperty" visited="false" cyclomaticComplexity="1" nPathComplexity="0" sequenceCoverage="0" branchCoverage="0" crapScore="0" isConstructor="false" isStatic="false" isGetter="false" isSetter="true">
              <MetadataToken>100663382</MetadataToken>
              <Name>System.Void Prova1.Application.Features.Orders.Queries.OrderQuery::set_ProductName(System.String)</Name>
              <FileRef uid="10" />
              <SequencePoints />
              <BranchPoints />
            </Method>
            <Method skippedDueTo="AutoImplementedProperty" visited="false" cyclomaticComplexity="1" nPathComplexity="0" sequenceCoverage="0" branchCoverage="0" crapScore="0" isConstructor="false" isStatic="false" isGetter="true" isSetter="false">
              <MetadataToken>100663383</MetadataToken>
              <Name>System.Double Prova1.Application.Features.Orders.Queries.OrderQuery::get_Total()</Name>
              <FileRef uid="10" />
              <SequencePoints />
              <BranchPoints />
            </Method>
            <Method skippedDueTo="AutoImplementedProperty" visited="false" cyclomaticComplexity="1" nPathComplexity="0" sequenceCoverage="0" branchCoverage="0" crapScore="0" isConstructor="false" isStatic="false" isGetter="false" isSetter="true">
              <MetadataToken>100663384</MetadataToken>
              <Name>System.Void Prova1.Application.Features.Orders.Queries.OrderQuery::set_Total(System.Double)</Name>
              <FileRef uid="10" />
              <SequencePoints />
              <BranchPoints />
            </Method>
            <Method visited="false" cyclomaticComplexity="1" nPathComplexity="0" sequenceCoverage="0" branchCoverage="0" crapScore="2" isConstructor="true" isStatic="false" isGetter="false" isSetter="false">
              <Summary numSequencePoints="0" visitedSequencePoints="0" numBranchPoints="0" visitedBranchPoints="0" sequenceCoverage="0" branchCoverage="0" maxCyclomaticComplexity="1" minCyclomaticComplexity="1" maxCrapScore="2" minCrapScore="2" visitedClasses="0" numClasses="0" visitedMethods="0" numMethods="0" />
              <MetadataToken>100663385</MetadataToken>
              <Name>System.Void Prova1.Application.Features.Orders.Queries.OrderQuery::.ctor()</Name>
              <SequencePoints />
              <BranchPoints />
              <MethodPoint vc="0" uspid="101" ordinal="0" offset="0" />
            </Method>
          </Methods>
        </Class>
      </Classes>
    </Module>
    <Module hash="55-D5-16-53-2D-F5-20-5C-73-3B-53-9A-7F-EA-82-61-B4-37-BD-B3">
      <Summary numSequencePoints="29" visitedSequencePoints="18" numBranchPoints="18" visitedBranchPoints="10" sequenceCoverage="62.07" branchCoverage="55.56" maxCyclomaticComplexity="5" minCyclomaticComplexity="0" maxCrapScore="6.60" minCrapScore="0" visitedClasses="2" numClasses="2" visitedMethods="4" numMethods="6" />
      <ModulePath>F:\Projetos\Project Academia 2018\Exemplos_master\Prova1\server\Prova1.Application.Tests\bin\Debug\Prova1.Domain.dll</ModulePath>
      <ModuleTime>2018-07-06T14:17:38.4071626Z</ModuleTime>
      <ModuleName>Prova1.Domain</ModuleName>
      <Files>
        <File uid="21" fullPath="F:\Projetos\Project Academia 2018\Exemplos_master\Prova1\server\Prova1.Domain\Entity.cs" />
        <File uid="22" fullPath="F:\Projetos\Project Academia 2018\Exemplos_master\Prova1\server\Prova1.Domain\Features\Products\Product.cs" />
        <File uid="23" fullPath="F:\Projetos\Project Academia 2018\Exemplos_master\Prova1\server\Prova1.Domain\Features\Orders\Order.cs" />
      </Files>
      <Classes>
        <Class>
          <Summary numSequencePoints="26" visitedSequencePoints="15" numBranchPoints="15" visitedBranchPoints="8" sequenceCoverage="57.69" branchCoverage="53.33" maxCyclomaticComplexity="5" minCyclomaticComplexity="1" maxCrapScore="6.60" minCrapScore="1" visitedClasses="1" numClasses="1" visitedMethods="3" numMethods="5" />
          <FullName>Prova1.Domain.Entity</FullName>
          <Methods>
            <Method skippedDueTo="AutoImplementedProperty" visited="false" cyclomaticComplexity="1" nPathComplexity="0" sequenceCoverage="0" branchCoverage="0" crapScore="0" isConstructor="false" isStatic="false" isGetter="true" isSetter="false">
              <MetadataToken>100663297</MetadataToken>
              <Name>System.Int32 Prova1.Domain.Entity::get_Id()</Name>
              <FileRef uid="21" />
              <SequencePoints />
              <BranchPoints />
            </Method>
            <Method skippedDueTo="AutoImplementedProperty" visited="false" cyclomaticComplexity="1" nPathComplexity="0" sequenceCoverage="0" branchCoverage="0" crapScore="0" isConstructor="false" isStatic="false" isGetter="false" isSetter="true">
              <MetadataToken>100663298</MetadataToken>
              <Name>System.Void Prova1.Domain.Entity::set_Id(System.Int32)</Name>
              <FileRef uid="21" />
              <SequencePoints />
              <BranchPoints />
            </Method>
            <Method visited="true" cyclomaticComplexity="5" nPathComplexity="8" sequenceCoverage="60" branchCoverage="42.86" crapScore="6.60" isConstructor="false" isStatic="false" isGetter="false" isSetter="false">
              <Summary numSequencePoints="10" visitedSequencePoints="6" numBranchPoints="7" visitedBranchPoints="3" sequenceCoverage="60" branchCoverage="42.86" maxCyclomaticComplexity="5" minCyclomaticComplexity="5" maxCrapScore="6.60" minCrapScore="6.60" visitedClasses="0" numClasses="0" visitedMethods="1" numMethods="1" />
              <MetadataToken>100663299</MetadataToken>
              <Name>System.Boolean Prova1.Domain.Entity::Equals(System.Object)</Name>
              <FileRef uid="21" />
              <SequencePoints>
                <SequencePoint vc="2" uspid="102" ordinal="0" offset="0" sl="25" sc="9" el="25" ec="10" bec="0" bev="0" fileid="21" />
                <SequencePoint vc="2" uspid="103" ordinal="1" offset="1" sl="26" sc="13" el="26" ec="39" bec="0" bev="0" fileid="21" />
                <SequencePoint vc="2" uspid="104" ordinal="2" offset="8" sl="28" sc="13" el="28" ec="46" bec="2" bev="1" fileid="21" />
                <SequencePoint vc="0" uspid="105" ordinal="3" offset="16" sl="29" sc="17" el="29" ec="30" bec="0" bev="0" fileid="21" />
                <SequencePoint vc="2" uspid="106" ordinal="4" offset="20" sl="31" sc="13" el="31" ec="46" bec="2" bev="1" fileid="21" />
                <SequencePoint vc="2" uspid="107" ordinal="5" offset="28" sl="32" sc="17" el="32" ec="29" bec="0" bev="0" fileid="21" />
                <SequencePoint vc="0" uspid="108" ordinal="6" offset="32" sl="34" sc="13" el="34" ec="42" bec="2" bev="0" fileid="21" />
                <SequencePoint vc="0" uspid="109" ordinal="7" offset="58" sl="35" sc="17" el="35" ec="30" bec="0" bev="0" fileid="21" />
                <SequencePoint vc="0" uspid="110" ordinal="8" offset="62" sl="37" sc="13" el="37" ec="35" bec="0" bev="0" fileid="21" />
                <SequencePoint vc="2" uspid="111" ordinal="9" offset="79" sl="38" sc="9" el="38" ec="10" bec="0" bev="0" fileid="21" />
              </SequencePoints>
              <BranchPoints>
                <BranchPoint vc="0" uspid="112" ordinal="0" offset="14" sl="28" path="0" offsetend="16" fileid="21" />
                <BranchPoint vc="2" uspid="113" ordinal="1" offset="14" sl="28" path="1" offsetend="20" fileid="21" />
                <BranchPoint vc="2" uspid="114" ordinal="2" offset="26" sl="31" path="0" offsetend="28" fileid="21" />
                <BranchPoint vc="0" uspid="115" ordinal="3" offset="26" sl="31" path="1" offsetend="32" fileid="21" />
                <BranchPoint vc="0" uspid="118" ordinal="6" offset="56" sl="34" path="0" offsetend="58" fileid="21" />
                <BranchPoint vc="0" uspid="119" ordinal="7" offset="56" sl="34" path="1" offsetend="62" fileid="21" />
              </BranchPoints>
              <MethodPoint xsi:type="SequencePoint" vc="2" uspid="102" ordinal="0" offset="0" sl="25" sc="9" el="25" ec="10" bec="0" bev="0" fileid="21" />
            </Method>
            <Method visited="true" cyclomaticComplexity="5" nPathComplexity="4" sequenceCoverage="85.71" branchCoverage="80" crapScore="5.07" isConstructor="false" isStatic="true" isGetter="false" isSetter="false">
              <Summary numSequencePoints="7" visitedSequencePoints="6" numBranchPoints="5" visitedBranchPoints="4" sequenceCoverage="85.71" branchCoverage="80" maxCyclomaticComplexity="5" minCyclomaticComplexity="5" maxCrapScore="5.07" minCrapScore="5.07" visitedClasses="0" numClasses="0" visitedMethods="1" numMethods="1" />
              <MetadataToken>100663300</MetadataToken>
              <Name>System.Boolean Prova1.Domain.Entity::op_Equality(Prova1.Domain.Entity,Prova1.Domain.Entity)</Name>
              <FileRef uid="21" />
              <SequencePoints>
                <SequencePoint vc="4" uspid="120" ordinal="0" offset="0" sl="47" sc="9" el="47" ec="10" bec="0" bev="0" fileid="21" />
                <SequencePoint vc="4" uspid="121" ordinal="1" offset="1" sl="48" sc="13" el="48" ec="70" bec="2" bev="2" fileid="21" />
                <SequencePoint vc="1" uspid="122" ordinal="2" offset="15" sl="49" sc="17" el="49" ec="29" bec="0" bev="0" fileid="21" />
                <SequencePoint vc="3" uspid="123" ordinal="3" offset="19" sl="51" sc="13" el="51" ec="70" bec="2" bev="1" fileid="21" />
                <SequencePoint vc="3" uspid="124" ordinal="4" offset="33" sl="52" sc="17" el="52" ec="30" bec="0" bev="0" fileid="21" />
                <SequencePoint vc="0" uspid="125" ordinal="5" offset="37" sl="54" sc="13" el="54" ec="32" bec="0" bev="0" fileid="21" />
                <SequencePoint vc="4" uspid="126" ordinal="6" offset="47" sl="55" sc="9" el="55" ec="10" bec="0" bev="0" fileid="21" />
              </SequencePoints>
              <BranchPoints>
                <BranchPoint vc="1" uspid="129" ordinal="2" offset="13" sl="48" path="0" offsetend="15" fileid="21" />
                <BranchPoint vc="3" uspid="130" ordinal="3" offset="13" sl="48" path="1" offsetend="19" fileid="21" />
                <BranchPoint vc="3" uspid="133" ordinal="6" offset="31" sl="51" path="0" offsetend="33" fileid="21" />
                <BranchPoint vc="0" uspid="134" ordinal="7" offset="31" sl="51" path="1" offsetend="37" fileid="21" />
              </BranchPoints>
              <MethodPoint xsi:type="SequencePoint" vc="4" uspid="120" ordinal="0" offset="0" sl="47" sc="9" el="47" ec="10" bec="0" bev="0" fileid="21" />
            </Method>
            <Method visited="true" cyclomaticComplexity="1" nPathComplexity="0" sequenceCoverage="100" branchCoverage="100" crapScore="1" isConstructor="false" isStatic="true" isGetter="false" isSetter="false">
              <Summary numSequencePoints="3" visitedSequencePoints="3" numBranchPoints="1" visitedBranchPoints="1" sequenceCoverage="100" branchCoverage="100" maxCyclomaticComplexity="1" minCyclomaticComplexity="1" maxCrapScore="1" minCrapScore="1" visitedClasses="0" numClasses="0" visitedMethods="1" numMethods="1" />
              <MetadataToken>100663301</MetadataToken>
              <Name>System.Boolean Prova1.Domain.Entity::op_Inequality(Prova1.Domain.Entity,Prova1.Domain.Entity)</Name>
              <FileRef uid="21" />
              <SequencePoints>
                <SequencePoint vc="1" uspid="135" ordinal="0" offset="0" sl="64" sc="9" el="64" ec="10" bec="0" bev="0" fileid="21" />
                <SequencePoint vc="1" uspid="136" ordinal="1" offset="1" sl="65" sc="13" el="65" ec="30" bec="0" bev="0" fileid="21" />
                <SequencePoint vc="1" uspid="137" ordinal="2" offset="14" sl="66" sc="9" el="66" ec="10" bec="0" bev="0" fileid="21" />
              </SequencePoints>
              <BranchPoints />
              <MethodPoint xsi:type="SequencePoint" vc="1" uspid="135" ordinal="0" offset="0" sl="64" sc="9" el="64" ec="10" bec="0" bev="0" fileid="21" />
            </Method>
            <Method visited="false" cyclomaticComplexity="1" nPathComplexity="0" sequenceCoverage="0" branchCoverage="0" crapScore="2" isConstructor="false" isStatic="false" isGetter="false" isSetter="false">
              <Summary numSequencePoints="3" visitedSequencePoints="0" numBranchPoints="1" visitedBranchPoints="0" sequenceCoverage="0" branchCoverage="0" maxCyclomaticComplexity="1" minCyclomaticComplexity="1" maxCrapScore="2" minCrapScore="2" visitedClasses="0" numClasses="0" visitedMethods="0" numMethods="1" />
              <MetadataToken>100663302</MetadataToken>
              <Name>System.Int32 Prova1.Domain.Entity::GetHashCode()</Name>
              <FileRef uid="21" />
              <SequencePoints>
                <SequencePoint vc="0" uspid="138" ordinal="0" offset="0" sl="72" sc="9" el="72" ec="10" bec="0" bev="0" fileid="21" />
                <SequencePoint vc="0" uspid="139" ordinal="1" offset="1" sl="73" sc="13" el="73" ec="37" bec="0" bev="0" fileid="21" />
                <SequencePoint vc="0" uspid="140" ordinal="2" offset="18" sl="74" sc="9" el="74" ec="10" bec="0" bev="0" fileid="21" />
              </SequencePoints>
              <BranchPoints />
              <MethodPoint xsi:type="SequencePoint" vc="0" uspid="138" ordinal="0" offset="0" sl="72" sc="9" el="72" ec="10" bec="0" bev="0" fileid="21" />
            </Method>
            <Method visited="false" cyclomaticComplexity="1" nPathComplexity="0" sequenceCoverage="0" branchCoverage="0" crapScore="2" isConstructor="false" isStatic="false" isGetter="false" isSetter="false">
              <Summary numSequencePoints="3" visitedSequencePoints="0" numBranchPoints="1" visitedBranchPoints="0" sequenceCoverage="0" branchCoverage="0" maxCyclomaticComplexity="1" minCyclomaticComplexity="1" maxCrapScore="2" minCrapScore="2" visitedClasses="0" numClasses="0" visitedMethods="0" numMethods="1" />
              <MetadataToken>100663303</MetadataToken>
              <Name>System.Boolean Prova1.Domain.Entity::Validate()</Name>
              <FileRef uid="21" />
              <SequencePoints>
                <SequencePoint vc="0" uspid="141" ordinal="0" offset="0" sl="81" sc="9" el="81" ec="10" bec="0" bev="0" fileid="21" />
                <SequencePoint vc="0" uspid="142" ordinal="1" offset="1" sl="82" sc="13" el="82" ec="25" bec="0" bev="0" fileid="21" />
                <SequencePoint vc="0" uspid="143" ordinal="2" offset="5" sl="83" sc="9" el="83" ec="10" bec="0" bev="0" fileid="21" />
              </SequencePoints>
              <BranchPoints />
              <MethodPoint xsi:type="SequencePoint" vc="0" uspid="141" ordinal="0" offset="0" sl="81" sc="9" el="81" ec="10" bec="0" bev="0" fileid="21" />
            </Method>
            <Method visited="false" cyclomaticComplexity="1" nPathComplexity="0" sequenceCoverage="0" branchCoverage="0" crapScore="2" isConstructor="true" isStatic="false" isGetter="false" isSetter="false">
              <Summary numSequencePoints="0" visitedSequencePoints="0" numBranchPoints="0" visitedBranchPoints="0" sequenceCoverage="0" branchCoverage="0" maxCyclomaticComplexity="1" minCyclomaticComplexity="1" maxCrapScore="2" minCrapScore="2" visitedClasses="0" numClasses="0" visitedMethods="0" numMethods="0" />
              <MetadataToken>100663304</MetadataToken>
              <Name>System.Void Prova1.Domain.Entity::.ctor()</Name>
              <SequencePoints />
              <BranchPoints />
              <MethodPoint vc="0" uspid="144" ordinal="0" offset="0" />
            </Method>
          </Methods>
        </Class>
        <Class>
          <Summary numSequencePoints="0" visitedSequencePoints="0" numBranchPoints="0" visitedBranchPoints="0" sequenceCoverage="0" branchCoverage="0" maxCyclomaticComplexity="1" minCyclomaticComplexity="1" maxCrapScore="2" minCrapScore="2" visitedClasses="0" numClasses="0" visitedMethods="0" numMethods="0" />
          <FullName>Prova1.Domain.Products.Product</FullName>
          <Methods>
            <Method skippedDueTo="AutoImplementedProperty" visited="false" cyclomaticComplexity="1" nPathComplexity="0" sequenceCoverage="0" branchCoverage="0" crapScore="0" isConstructor="false" isStatic="false" isGetter="true" isSetter="false">
              <MetadataToken>100663305</MetadataToken>
              <Name>System.String Prova1.Domain.Products.Product::get_Name()</Name>
              <FileRef uid="22" />
              <SequencePoints />
              <BranchPoints />
            </Method>
            <Method skippedDueTo="AutoImplementedProperty" visited="false" cyclomaticComplexity="1" nPathComplexity="0" sequenceCoverage="0" branchCoverage="0" crapScore="0" isConstructor="false" isStatic="false" isGetter="false" isSetter="true">
              <MetadataToken>100663306</MetadataToken>
              <Name>System.Void Prova1.Domain.Products.Product::set_Name(System.String)</Name>
              <FileRef uid="22" />
              <SequencePoints />
              <BranchPoints />
            </Method>
            <Method skippedDueTo="AutoImplementedProperty" visited="false" cyclomaticComplexity="1" nPathComplexity="0" sequenceCoverage="0" branchCoverage="0" crapScore="0" isConstructor="false" isStatic="false" isGetter="true" isSetter="false">
              <MetadataToken>100663307</MetadataToken>
              <Name>System.Double Prova1.Domain.Products.Product::get_Sale()</Name>
              <FileRef uid="22" />
              <SequencePoints />
              <BranchPoints />
            </Method>
            <Method skippedDueTo="AutoImplementedProperty" visited="false" cyclomaticComplexity="1" nPathComplexity="0" sequenceCoverage="0" branchCoverage="0" crapScore="0" isConstructor="false" isStatic="false" isGetter="false" isSetter="true">
              <MetadataToken>100663308</MetadataToken>
              <Name>System.Void Prova1.Domain.Products.Product::set_Sale(System.Double)</Name>
              <FileRef uid="22" />
              <SequencePoints />
              <BranchPoints />
            </Method>
            <Method skippedDueTo="AutoImplementedProperty" visited="false" cyclomaticComplexity="1" nPathComplexity="0" sequenceCoverage="0" branchCoverage="0" crapScore="0" isConstructor="false" isStatic="false" isGetter="true" isSetter="false">
              <MetadataToken>100663309</MetadataToken>
              <Name>System.Double Prova1.Domain.Products.Product::get_Expense()</Name>
              <FileRef uid="22" />
              <SequencePoints />
              <BranchPoints />
            </Method>
            <Method skippedDueTo="AutoImplementedProperty" visited="false" cyclomaticComplexity="1" nPathComplexity="0" sequenceCoverage="0" branchCoverage="0" crapScore="0" isConstructor="false" isStatic="false" isGetter="false" isSetter="true">
              <MetadataToken>100663310</MetadataToken>
              <Name>System.Void Prova1.Domain.Products.Product::set_Expense(System.Double)</Name>
              <FileRef uid="22" />
              <SequencePoints />
              <BranchPoints />
            </Method>
            <Method skippedDueTo="AutoImplementedProperty" visited="false" cyclomaticComplexity="1" nPathComplexity="0" sequenceCoverage="0" branchCoverage="0" crapScore="0" isConstructor="false" isStatic="false" isGetter="true" isSetter="false">
              <MetadataToken>100663311</MetadataToken>
              <Name>System.Boolean Prova1.Domain.Products.Product::get_IsAvailable()</Name>
              <FileRef uid="22" />
              <SequencePoints />
              <BranchPoints />
            </Method>
            <Method skippedDueTo="AutoImplementedProperty" visited="false" cyclomaticComplexity="1" nPathComplexity="0" sequenceCoverage="0" branchCoverage="0" crapScore="0" isConstructor="false" isStatic="false" isGetter="false" isSetter="true">
              <MetadataToken>100663312</MetadataToken>
              <Name>System.Void Prova1.Domain.Products.Product::set_IsAvailable(System.Boolean)</Name>
              <FileRef uid="22" />
              <SequencePoints />
              <BranchPoints />
            </Method>
            <Method skippedDueTo="AutoImplementedProperty" visited="false" cyclomaticComplexity="1" nPathComplexity="0" sequenceCoverage="0" branchCoverage="0" crapScore="0" isConstructor="false" isStatic="false" isGetter="true" isSetter="false">
              <MetadataToken>100663313</MetadataToken>
              <Name>System.DateTime Prova1.Domain.Products.Product::get_Manufacture()</Name>
              <FileRef uid="22" />
              <SequencePoints />
              <BranchPoints />
            </Method>
            <Method skippedDueTo="AutoImplementedProperty" visited="false" cyclomaticComplexity="1" nPathComplexity="0" sequenceCoverage="0" branchCoverage="0" crapScore="0" isConstructor="false" isStatic="false" isGetter="false" isSetter="true">
              <MetadataToken>100663314</MetadataToken>
              <Name>System.Void Prova1.Domain.Products.Product::set_Manufacture(System.DateTime)</Name>
              <FileRef uid="22" />
              <SequencePoints />
              <BranchPoints />
            </Method>
            <Method skippedDueTo="AutoImplementedProperty" visited="false" cyclomaticComplexity="1" nPathComplexity="0" sequenceCoverage="0" branchCoverage="0" crapScore="0" isConstructor="false" isStatic="false" isGetter="true" isSetter="false">
              <MetadataToken>100663315</MetadataToken>
              <Name>System.DateTime Prova1.Domain.Products.Product::get_Expiration()</Name>
              <FileRef uid="22" />
              <SequencePoints />
              <BranchPoints />
            </Method>
            <Method skippedDueTo="AutoImplementedProperty" visited="false" cyclomaticComplexity="1" nPathComplexity="0" sequenceCoverage="0" branchCoverage="0" crapScore="0" isConstructor="false" isStatic="false" isGetter="false" isSetter="true">
              <MetadataToken>100663316</MetadataToken>
              <Name>System.Void Prova1.Domain.Products.Product::set_Expiration(System.DateTime)</Name>
              <FileRef uid="22" />
              <SequencePoints />
              <BranchPoints />
            </Method>
            <Method visited="false" cyclomaticComplexity="1" nPathComplexity="0" sequenceCoverage="0" branchCoverage="0" crapScore="2" isConstructor="true" isStatic="false" isGetter="false" isSetter="false">
              <Summary numSequencePoints="0" visitedSequencePoints="0" numBranchPoints="0" visitedBranchPoints="0" sequenceCoverage="0" branchCoverage="0" maxCyclomaticComplexity="1" minCyclomaticComplexity="1" maxCrapScore="2" minCrapScore="2" visitedClasses="0" numClasses="0" visitedMethods="0" numMethods="0" />
              <MetadataToken>100663317</MetadataToken>
              <Name>System.Void Prova1.Domain.Products.Product::.ctor()</Name>
              <SequencePoints />
              <BranchPoints />
              <MethodPoint vc="0" uspid="145" ordinal="0" offset="0" />
            </Method>
          </Methods>
        </Class>
        <Class>
          <Summary numSequencePoints="3" visitedSequencePoints="3" numBranchPoints="3" visitedBranchPoints="2" sequenceCoverage="100" branchCoverage="66.67" maxCyclomaticComplexity="3" minCyclomaticComplexity="1" maxCrapScore="3" minCrapScore="2" visitedClasses="1" numClasses="1" visitedMethods="1" numMethods="1" />
          <FullName>Prova1.Domain.Orders.Order</FullName>
          <Methods>
            <Method skippedDueTo="AutoImplementedProperty" visited="false" cyclomaticComplexity="1" nPathComplexity="0" sequenceCoverage="0" branchCoverage="0" crapScore="0" isConstructor="false" isStatic="false" isGetter="true" isSetter="false">
              <MetadataToken>100663318</MetadataToken>
              <Name>System.String Prova1.Domain.Orders.Order::get_Customer()</Name>
              <FileRef uid="23" />
              <SequencePoints />
              <BranchPoints />
            </Method>
            <Method skippedDueTo="AutoImplementedProperty" visited="false" cyclomaticComplexity="1" nPathComplexity="0" sequenceCoverage="0" branchCoverage="0" crapScore="0" isConstructor="false" isStatic="false" isGetter="false" isSetter="true">
              <MetadataToken>100663319</MetadataToken>
              <Name>System.Void Prova1.Domain.Orders.Order::set_Customer(System.String)</Name>
              <FileRef uid="23" />
              <SequencePoints />
              <BranchPoints />
            </Method>
            <Method skippedDueTo="AutoImplementedProperty" visited="false" cyclomaticComplexity="1" nPathComplexity="0" sequenceCoverage="0" branchCoverage="0" crapScore="0" isConstructor="false" isStatic="false" isGetter="true" isSetter="false">
              <MetadataToken>100663320</MetadataToken>
              <Name>System.Int32 Prova1.Domain.Orders.Order::get_Quantity()</Name>
              <FileRef uid="23" />
              <SequencePoints />
              <BranchPoints />
            </Method>
            <Method skippedDueTo="AutoImplementedProperty" visited="false" cyclomaticComplexity="1" nPathComplexity="0" sequenceCoverage="0" branchCoverage="0" crapScore="0" isConstructor="false" isStatic="false" isGetter="false" isSetter="true">
              <MetadataToken>100663321</MetadataToken>
              <Name>System.Void Prova1.Domain.Orders.Order::set_Quantity(System.Int32)</Name>
              <FileRef uid="23" />
              <SequencePoints />
              <BranchPoints />
            </Method>
            <Method skippedDueTo="AutoImplementedProperty" visited="false" cyclomaticComplexity="1" nPathComplexity="0" sequenceCoverage="0" branchCoverage="0" crapScore="0" isConstructor="false" isStatic="false" isGetter="true" isSetter="false">
              <MetadataToken>100663322</MetadataToken>
              <Name>Prova1.Domain.Products.Product Prova1.Domain.Orders.Order::get_Product()</Name>
              <FileRef uid="23" />
              <SequencePoints />
              <BranchPoints />
            </Method>
            <Method skippedDueTo="AutoImplementedProperty" visited="false" cyclomaticComplexity="1" nPathComplexity="0" sequenceCoverage="0" branchCoverage="0" crapScore="0" isConstructor="false" isStatic="false" isGetter="false" isSetter="true">
              <MetadataToken>100663323</MetadataToken>
              <Name>System.Void Prova1.Domain.Orders.Order::set_Product(Prova1.Domain.Products.Product)</Name>
              <FileRef uid="23" />
              <SequencePoints />
              <BranchPoints />
            </Method>
            <Method skippedDueTo="AutoImplementedProperty" visited="false" cyclomaticComplexity="1" nPathComplexity="0" sequenceCoverage="0" branchCoverage="0" crapScore="0" isConstructor="false" isStatic="false" isGetter="true" isSetter="false">
              <MetadataToken>100663324</MetadataToken>
              <Name>System.Int32 Prova1.Domain.Orders.Order::get_ProductId()</Name>
              <FileRef uid="23" />
              <SequencePoints />
              <BranchPoints />
            </Method>
            <Method skippedDueTo="AutoImplementedProperty" visited="false" cyclomaticComplexity="1" nPathComplexity="0" sequenceCoverage="0" branchCoverage="0" crapScore="0" isConstructor="false" isStatic="false" isGetter="false" isSetter="true">
              <MetadataToken>100663325</MetadataToken>
              <Name>System.Void Prova1.Domain.Orders.Order::set_ProductId(System.Int32)</Name>
              <FileRef uid="23" />
              <SequencePoints />
              <BranchPoints />
            </Method>
            <Method visited="true" cyclomaticComplexity="3" nPathComplexity="2" sequenceCoverage="100" branchCoverage="66.67" crapScore="3" isConstructor="false" isStatic="false" isGetter="true" isSetter="false">
              <Summary numSequencePoints="3" visitedSequencePoints="3" numBranchPoints="3" visitedBranchPoints="2" sequenceCoverage="100" branchCoverage="66.67" maxCyclomaticComplexity="3" minCyclomaticComplexity="3" maxCrapScore="3" minCrapScore="3" visitedClasses="0" numClasses="0" visitedMethods="1" numMethods="1" />
              <MetadataToken>100663326</MetadataToken>
              <Name>System.Double Prova1.Domain.Orders.Order::get_Total()</Name>
              <FileRef uid="23" />
              <SequencePoints>
                <SequencePoint vc="1" uspid="146" ordinal="0" offset="0" sl="18" sc="13" el="18" ec="14" bec="0" bev="0" fileid="23" />
                <SequencePoint vc="1" uspid="147" ordinal="1" offset="1" sl="19" sc="17" el="19" ec="90" bec="2" bev="1" fileid="23" />
                <SequencePoint vc="1" uspid="148" ordinal="2" offset="60" sl="20" sc="13" el="20" ec="14" bec="0" bev="0" fileid="23" />
              </SequencePoints>
              <BranchPoints>
                <BranchPoint vc="0" uspid="149" ordinal="0" offset="13" sl="19" path="0" offsetend="15" fileid="23" />
                <BranchPoint vc="1" uspid="150" ordinal="1" offset="13" sl="19" path="1" offsetend="26" fileid="23" />
              </BranchPoints>
              <MethodPoint xsi:type="SequencePoint" vc="1" uspid="146" ordinal="0" offset="0" sl="18" sc="13" el="18" ec="14" bec="0" bev="0" fileid="23" />
            </Method>
            <Method visited="false" cyclomaticComplexity="1" nPathComplexity="0" sequenceCoverage="0" branchCoverage="0" crapScore="2" isConstructor="true" isStatic="false" isGetter="false" isSetter="false">
              <Summary numSequencePoints="0" visitedSequencePoints="0" numBranchPoints="0" visitedBranchPoints="0" sequenceCoverage="0" branchCoverage="0" maxCyclomaticComplexity="1" minCyclomaticComplexity="1" maxCrapScore="2" minCrapScore="2" visitedClasses="0" numClasses="0" visitedMethods="0" numMethods="0" />
              <MetadataToken>100663327</MetadataToken>
              <Name>System.Void Prova1.Domain.Orders.Order::.ctor()</Name>
              <SequencePoints />
              <BranchPoints />
              <MethodPoint vc="0" uspid="151" ordinal="0" offset="0" />
            </Method>
          </Methods>
        </Class>
      </Classes>
    </Module>
    <Module hash="8E-12-6D-27-0E-17-61-AF-CA-91-98-84-74-39-03-35-34-77-58-BC">
      <Summary numSequencePoints="0" visitedSequencePoints="0" numBranchPoints="0" visitedBranchPoints="0" sequenceCoverage="0" branchCoverage="0" maxCyclomaticComplexity="0" minCyclomaticComplexity="0" maxCrapScore="0" minCrapScore="0" visitedClasses="0" numClasses="0" visitedMethods="0" numMethods="0" />
      <ModulePath>F:\Projetos\Project Academia 2018\Exemplos_master\Prova1\server\Prova1.Application.Tests\bin\Debug\Prova1.Infra.dll</ModulePath>
      <ModuleTime>2018-07-05T20:33:00.2673112Z</ModuleTime>
      <ModuleName>Prova1.Infra</ModuleName>
      <Files />
      <Classes />
    </Module>
  </Modules>
</CoverageSession>