<?xml version="1.0" encoding="utf-8"?>
<CoverageSession xmlns:xsd="http://www.w3.org/2001/XMLSchema" xmlns:xsi="http://www.w3.org/2001/XMLSchema-instance" Version="4.6.0.0">
  <Summary numSequencePoints="82" visitedSequencePoints="65" numBranchPoints="34" visitedBranchPoints="23" sequenceCoverage="79.27" branchCoverage="67.65" maxCyclomaticComplexity="22" minCyclomaticComplexity="0" maxCrapScore="506" minCrapScore="0" visitedClasses="3" numClasses="4" visitedMethods="14" numMethods="18" />
  <Modules>
    <Module hash="87-EE-13-F8-49-F0-A6-22-A9-3B-88-0D-29-3C-3F-68-54-12-F8-88">
      <Summary numSequencePoints="53" visitedSequencePoints="53" numBranchPoints="16" visitedBranchPoints="16" sequenceCoverage="100" branchCoverage="100" maxCyclomaticComplexity="22" minCyclomaticComplexity="1" maxCrapScore="506" minCrapScore="1" visitedClasses="2" numClasses="2" visitedMethods="12" numMethods="12" />
      <ModulePath>F:\Projetos\Project Academia 2018\Exemplos\Prova1\server\Prova1.Infra.Data.Tests\bin\Debug\Prova1.Infra.ORM.dll</ModulePath>
      <ModuleTime>2018-07-10T11:29:59.6974592Z</ModuleTime>
      <ModuleName>Prova1.Infra.ORM</ModuleName>
      <Files>
        <File uid="4" fullPath="F:\Projetos\Project Academia 2018\Exemplos\Prova1\server\Prova1.Infra.ORM\Features\Products\ProductRepository.cs" />
        <File uid="5" fullPath="F:\Projetos\Project Academia 2018\Exemplos\Prova1\server\Prova1.Infra.ORM\Features\Orders\OrderRepository.cs" />
      </Files>
      <Classes>
        <Class>
          <Summary numSequencePoints="0" visitedSequencePoints="0" numBranchPoints="0" visitedBranchPoints="0" sequenceCoverage="0" branchCoverage="0" maxCyclomaticComplexity="13" minCyclomaticComplexity="1" maxCrapScore="182" minCrapScore="2" visitedClasses="0" numClasses="0" visitedMethods="0" numMethods="0" />
          <FullName>&lt;&gt;f__AnonymousType0`4</FullName>
          <Methods>
            <Method visited="false" cyclomaticComplexity="1" nPathComplexity="0" sequenceCoverage="0" branchCoverage="0" crapScore="2" isConstructor="false" isStatic="false" isGetter="true" isSetter="false">
              <Summary numSequencePoints="0" visitedSequencePoints="0" numBranchPoints="0" visitedBranchPoints="0" sequenceCoverage="0" branchCoverage="0" maxCyclomaticComplexity="1" minCyclomaticComplexity="1" maxCrapScore="2" minCrapScore="2" visitedClasses="0" numClasses="0" visitedMethods="0" numMethods="0" />
              <MetadataToken>100663297</MetadataToken>
              <Name>&lt;Id&gt;j__TPar &lt;&gt;f__AnonymousType0`4::get_Id()</Name>
              <SequencePoints />
              <BranchPoints />
              <MethodPoint vc="0" uspid="1" ordinal="0" offset="0" />
            </Method>
            <Method visited="false" cyclomaticComplexity="1" nPathComplexity="0" sequenceCoverage="0" branchCoverage="0" crapScore="2" isConstructor="false" isStatic="false" isGetter="true" isSetter="false">
              <Summary numSequencePoints="0" visitedSequencePoints="0" numBranchPoints="0" visitedBranchPoints="0" sequenceCoverage="0" branchCoverage="0" maxCyclomaticComplexity="1" minCyclomaticComplexity="1" maxCrapScore="2" minCrapScore="2" visitedClasses="0" numClasses="0" visitedMethods="0" numMethods="0" />
              <MetadataToken>100663298</MetadataToken>
              <Name>&lt;Customer&gt;j__TPar &lt;&gt;f__AnonymousType0`4::get_Customer()</Name>
              <SequencePoints />
              <BranchPoints />
              <MethodPoint vc="0" uspid="2" ordinal="0" offset="0" />
            </Method>
            <Method visited="false" cyclomaticComplexity="1" nPathComplexity="0" sequenceCoverage="0" branchCoverage="0" crapScore="2" isConstructor="false" isStatic="false" isGetter="true" isSetter="false">
              <Summary numSequencePoints="0" visitedSequencePoints="0" numBranchPoints="0" visitedBranchPoints="0" sequenceCoverage="0" branchCoverage="0" maxCyclomaticComplexity="1" minCyclomaticComplexity="1" maxCrapScore="2" minCrapScore="2" visitedClasses="0" numClasses="0" visitedMethods="0" numMethods="0" />
              <MetadataToken>100663299</MetadataToken>
              <Name>&lt;Quantity&gt;j__TPar &lt;&gt;f__AnonymousType0`4::get_Quantity()</Name>
              <SequencePoints />
              <BranchPoints />
              <MethodPoint vc="0" uspid="3" ordinal="0" offset="0" />
            </Method>
            <Method visited="false" cyclomaticComplexity="1" nPathComplexity="0" sequenceCoverage="0" branchCoverage="0" crapScore="2" isConstructor="false" isStatic="false" isGetter="true" isSetter="false">
              <Summary numSequencePoints="0" visitedSequencePoints="0" numBranchPoints="0" visitedBranchPoints="0" sequenceCoverage="0" branchCoverage="0" maxCyclomaticComplexity="1" minCyclomaticComplexity="1" maxCrapScore="2" minCrapScore="2" visitedClasses="0" numClasses="0" visitedMethods="0" numMethods="0" />
              <MetadataToken>100663300</MetadataToken>
              <Name>&lt;ProductId&gt;j__TPar &lt;&gt;f__AnonymousType0`4::get_ProductId()</Name>
              <SequencePoints />
              <BranchPoints />
              <MethodPoint vc="0" uspid="4" ordinal="0" offset="0" />
            </Method>
            <Method visited="false" cyclomaticComplexity="1" nPathComplexity="0" sequenceCoverage="0" branchCoverage="0" crapScore="2" isConstructor="true" isStatic="false" isGetter="false" isSetter="false">
              <Summary numSequencePoints="0" visitedSequencePoints="0" numBranchPoints="0" visitedBranchPoints="0" sequenceCoverage="0" branchCoverage="0" maxCyclomaticComplexity="1" minCyclomaticComplexity="1" maxCrapScore="2" minCrapScore="2" visitedClasses="0" numClasses="0" visitedMethods="0" numMethods="0" />
              <MetadataToken>100663301</MetadataToken>
              <Name>System.Void &lt;&gt;f__AnonymousType0`4::.ctor(&lt;Id&gt;j__TPar,&lt;Customer&gt;j__TPar,&lt;Quantity&gt;j__TPar,&lt;ProductId&gt;j__TPar)</Name>
              <SequencePoints />
              <BranchPoints />
              <MethodPoint vc="0" uspid="5" ordinal="0" offset="0" />
            </Method>
            <Method visited="false" cyclomaticComplexity="5" nPathComplexity="0" sequenceCoverage="0" branchCoverage="0" crapScore="30" isConstructor="false" isStatic="false" isGetter="false" isSetter="false">
              <Summary numSequencePoints="0" visitedSequencePoints="0" numBranchPoints="0" visitedBranchPoints="0" sequenceCoverage="0" branchCoverage="0" maxCyclomaticComplexity="5" minCyclomaticComplexity="5" maxCrapScore="30" minCrapScore="30" visitedClasses="0" numClasses="0" visitedMethods="0" numMethods="0" />
              <MetadataToken>100663302</MetadataToken>
              <Name>System.Boolean &lt;&gt;f__AnonymousType0`4::Equals(System.Object)</Name>
              <SequencePoints />
              <BranchPoints />
              <MethodPoint vc="0" uspid="6" ordinal="0" offset="0" />
            </Method>
            <Method visited="false" cyclomaticComplexity="1" nPathComplexity="0" sequenceCoverage="0" branchCoverage="0" crapScore="2" isConstructor="false" isStatic="false" isGetter="false" isSetter="false">
              <Summary numSequencePoints="0" visitedSequencePoints="0" numBranchPoints="0" visitedBranchPoints="0" sequenceCoverage="0" branchCoverage="0" maxCyclomaticComplexity="1" minCyclomaticComplexity="1" maxCrapScore="2" minCrapScore="2" visitedClasses="0" numClasses="0" visitedMethods="0" numMethods="0" />
              <MetadataToken>100663303</MetadataToken>
              <Name>System.Int32 &lt;&gt;f__AnonymousType0`4::GetHashCode()</Name>
              <SequencePoints />
              <BranchPoints />
              <MethodPoint vc="0" uspid="7" ordinal="0" offset="0" />
            </Method>
            <Method visited="false" cyclomaticComplexity="13" nPathComplexity="0" sequenceCoverage="0" branchCoverage="0" crapScore="182" isConstructor="false" isStatic="false" isGetter="false" isSetter="false">
              <Summary numSequencePoints="0" visitedSequencePoints="0" numBranchPoints="0" visitedBranchPoints="0" sequenceCoverage="0" branchCoverage="0" maxCyclomaticComplexity="13" minCyclomaticComplexity="13" maxCrapScore="182" minCrapScore="182" visitedClasses="0" numClasses="0" visitedMethods="0" numMethods="0" />
              <MetadataToken>100663304</MetadataToken>
              <Name>System.String &lt;&gt;f__AnonymousType0`4::ToString()</Name>
              <SequencePoints />
              <BranchPoints />
              <MethodPoint vc="0" uspid="8" ordinal="0" offset="0" />
            </Method>
          </Methods>
        </Class>
        <Class>
          <Summary numSequencePoints="0" visitedSequencePoints="0" numBranchPoints="0" visitedBranchPoints="0" sequenceCoverage="0" branchCoverage="0" maxCyclomaticComplexity="22" minCyclomaticComplexity="1" maxCrapScore="506" minCrapScore="2" visitedClasses="0" numClasses="0" visitedMethods="0" numMethods="0" />
          <FullName>&lt;&gt;f__AnonymousType1`7</FullName>
          <Methods>
            <Method visited="false" cyclomaticComplexity="1" nPathComplexity="0" sequenceCoverage="0" branchCoverage="0" crapScore="2" isConstructor="false" isStatic="false" isGetter="true" isSetter="false">
              <Summary numSequencePoints="0" visitedSequencePoints="0" numBranchPoints="0" visitedBranchPoints="0" sequenceCoverage="0" branchCoverage="0" maxCyclomaticComplexity="1" minCyclomaticComplexity="1" maxCrapScore="2" minCrapScore="2" visitedClasses="0" numClasses="0" visitedMethods="0" numMethods="0" />
              <MetadataToken>100663305</MetadataToken>
              <Name>&lt;Id&gt;j__TPar &lt;&gt;f__AnonymousType1`7::get_Id()</Name>
              <SequencePoints />
              <BranchPoints />
              <MethodPoint vc="0" uspid="9" ordinal="0" offset="0" />
            </Method>
            <Method visited="false" cyclomaticComplexity="1" nPathComplexity="0" sequenceCoverage="0" branchCoverage="0" crapScore="2" isConstructor="false" isStatic="false" isGetter="true" isSetter="false">
              <Summary numSequencePoints="0" visitedSequencePoints="0" numBranchPoints="0" visitedBranchPoints="0" sequenceCoverage="0" branchCoverage="0" maxCyclomaticComplexity="1" minCyclomaticComplexity="1" maxCrapScore="2" minCrapScore="2" visitedClasses="0" numClasses="0" visitedMethods="0" numMethods="0" />
              <MetadataToken>100663306</MetadataToken>
              <Name>&lt;Name&gt;j__TPar &lt;&gt;f__AnonymousType1`7::get_Name()</Name>
              <SequencePoints />
              <BranchPoints />
              <MethodPoint vc="0" uspid="10" ordinal="0" offset="0" />
            </Method>
            <Method visited="false" cyclomaticComplexity="1" nPathComplexity="0" sequenceCoverage="0" branchCoverage="0" crapScore="2" isConstructor="false" isStatic="false" isGetter="true" isSetter="false">
              <Summary numSequencePoints="0" visitedSequencePoints="0" numBranchPoints="0" visitedBranchPoints="0" sequenceCoverage="0" branchCoverage="0" maxCyclomaticComplexity="1" minCyclomaticComplexity="1" maxCrapScore="2" minCrapScore="2" visitedClasses="0" numClasses="0" visitedMethods="0" numMethods="0" />
              <MetadataToken>100663307</MetadataToken>
              <Name>&lt;Sale&gt;j__TPar &lt;&gt;f__AnonymousType1`7::get_Sale()</Name>
              <SequencePoints />
              <BranchPoints />
              <MethodPoint vc="0" uspid="11" ordinal="0" offset="0" />
            </Method>
            <Method visited="false" cyclomaticComplexity="1" nPathComplexity="0" sequenceCoverage="0" branchCoverage="0" crapScore="2" isConstructor="false" isStatic="false" isGetter="true" isSetter="false">
              <Summary numSequencePoints="0" visitedSequencePoints="0" numBranchPoints="0" visitedBranchPoints="0" sequenceCoverage="0" branchCoverage="0" maxCyclomaticComplexity="1" minCyclomaticComplexity="1" maxCrapScore="2" minCrapScore="2" visitedClasses="0" numClasses="0" visitedMethods="0" numMethods="0" />
              <MetadataToken>100663308</MetadataToken>
              <Name>&lt;Expense&gt;j__TPar &lt;&gt;f__AnonymousType1`7::get_Expense()</Name>
              <SequencePoints />
              <BranchPoints />
              <MethodPoint vc="0" uspid="12" ordinal="0" offset="0" />
            </Method>
            <Method visited="false" cyclomaticComplexity="1" nPathComplexity="0" sequenceCoverage="0" branchCoverage="0" crapScore="2" isConstructor="false" isStatic="false" isGetter="true" isSetter="false">
              <Summary numSequencePoints="0" visitedSequencePoints="0" numBranchPoints="0" visitedBranchPoints="0" sequenceCoverage="0" branchCoverage="0" maxCyclomaticComplexity="1" minCyclomaticComplexity="1" maxCrapScore="2" minCrapScore="2" visitedClasses="0" numClasses="0" visitedMethods="0" numMethods="0" />
              <MetadataToken>100663309</MetadataToken>
              <Name>&lt;IsAvailable&gt;j__TPar &lt;&gt;f__AnonymousType1`7::get_IsAvailable()</Name>
              <SequencePoints />
              <BranchPoints />
              <MethodPoint vc="0" uspid="13" ordinal="0" offset="0" />
            </Method>
            <Method visited="false" cyclomaticComplexity="1" nPathComplexity="0" sequenceCoverage="0" branchCoverage="0" crapScore="2" isConstructor="false" isStatic="false" isGetter="true" isSetter="false">
              <Summary numSequencePoints="0" visitedSequencePoints="0" numBranchPoints="0" visitedBranchPoints="0" sequenceCoverage="0" branchCoverage="0" maxCyclomaticComplexity="1" minCyclomaticComplexity="1" maxCrapScore="2" minCrapScore="2" visitedClasses="0" numClasses="0" visitedMethods="0" numMethods="0" />
              <MetadataToken>100663310</MetadataToken>
              <Name>&lt;Manufacture&gt;j__TPar &lt;&gt;f__AnonymousType1`7::get_Manufacture()</Name>
              <SequencePoints />
              <BranchPoints />
              <MethodPoint vc="0" uspid="14" ordinal="0" offset="0" />
            </Method>
            <Method visited="false" cyclomaticComplexity="1" nPathComplexity="0" sequenceCoverage="0" branchCoverage="0" crapScore="2" isConstructor="false" isStatic="false" isGetter="true" isSetter="false">
              <Summary numSequencePoints="0" visitedSequencePoints="0" numBranchPoints="0" visitedBranchPoints="0" sequenceCoverage="0" branchCoverage="0" maxCyclomaticComplexity="1" minCyclomaticComplexity="1" maxCrapScore="2" minCrapScore="2" visitedClasses="0" numClasses="0" visitedMethods="0" numMethods="0" />
              <MetadataToken>100663311</MetadataToken>
              <Name>&lt;Expiration&gt;j__TPar &lt;&gt;f__AnonymousType1`7::get_Expiration()</Name>
              <SequencePoints />
              <BranchPoints />
              <MethodPoint vc="0" uspid="15" ordinal="0" offset="0" />
            </Method>
            <Method visited="false" cyclomaticComplexity="1" nPathComplexity="0" sequenceCoverage="0" branchCoverage="0" crapScore="2" isConstructor="true" isStatic="false" isGetter="false" isSetter="false">
              <Summary numSequencePoints="0" visitedSequencePoints="0" numBranchPoints="0" visitedBranchPoints="0" sequenceCoverage="0" branchCoverage="0" maxCyclomaticComplexity="1" minCyclomaticComplexity="1" maxCrapScore="2" minCrapScore="2" visitedClasses="0" numClasses="0" visitedMethods="0" numMethods="0" />
              <MetadataToken>100663312</MetadataToken>
              <Name>System.Void &lt;&gt;f__AnonymousType1`7::.ctor(&lt;Id&gt;j__TPar,&lt;Name&gt;j__TPar,&lt;Sale&gt;j__TPar,&lt;Expense&gt;j__TPar,&lt;IsAvailable&gt;j__TPar,&lt;Manufacture&gt;j__TPar,&lt;Expiration&gt;j__TPar)</Name>
              <SequencePoints />
              <BranchPoints />
              <MethodPoint vc="0" uspid="16" ordinal="0" offset="0" />
            </Method>
            <Method visited="false" cyclomaticComplexity="8" nPathComplexity="0" sequenceCoverage="0" branchCoverage="0" crapScore="72" isConstructor="false" isStatic="false" isGetter="false" isSetter="false">
              <Summary numSequencePoints="0" visitedSequencePoints="0" numBranchPoints="0" visitedBranchPoints="0" sequenceCoverage="0" branchCoverage="0" maxCyclomaticComplexity="8" minCyclomaticComplexity="8" maxCrapScore="72" minCrapScore="72" visitedClasses="0" numClasses="0" visitedMethods="0" numMethods="0" />
              <MetadataToken>100663313</MetadataToken>
              <Name>System.Boolean &lt;&gt;f__AnonymousType1`7::Equals(System.Object)</Name>
              <SequencePoints />
              <BranchPoints />
              <MethodPoint vc="0" uspid="17" ordinal="0" offset="0" />
            </Method>
            <Method visited="false" cyclomaticComplexity="1" nPathComplexity="0" sequenceCoverage="0" branchCoverage="0" crapScore="2" isConstructor="false" isStatic="false" isGetter="false" isSetter="false">
              <Summary numSequencePoints="0" visitedSequencePoints="0" numBranchPoints="0" visitedBranchPoints="0" sequenceCoverage="0" branchCoverage="0" maxCyclomaticComplexity="1" minCyclomaticComplexity="1" maxCrapScore="2" minCrapScore="2" visitedClasses="0" numClasses="0" visitedMethods="0" numMethods="0" />
              <MetadataToken>100663314</MetadataToken>
              <Name>System.Int32 &lt;&gt;f__AnonymousType1`7::GetHashCode()</Name>
              <SequencePoints />
              <BranchPoints />
              <MethodPoint vc="0" uspid="18" ordinal="0" offset="0" />
            </Method>
            <Method visited="false" cyclomaticComplexity="22" nPathComplexity="0" sequenceCoverage="0" branchCoverage="0" crapScore="506" isConstructor="false" isStatic="false" isGetter="false" isSetter="false">
              <Summary numSequencePoints="0" visitedSequencePoints="0" numBranchPoints="0" visitedBranchPoints="0" sequenceCoverage="0" branchCoverage="0" maxCyclomaticComplexity="22" minCyclomaticComplexity="22" maxCrapScore="506" minCrapScore="506" visitedClasses="0" numClasses="0" visitedMethods="0" numMethods="0" />
              <MetadataToken>100663315</MetadataToken>
              <Name>System.String &lt;&gt;f__AnonymousType1`7::ToString()</Name>
              <SequencePoints />
              <BranchPoints />
              <MethodPoint vc="0" uspid="19" ordinal="0" offset="0" />
            </Method>
          </Methods>
        </Class>
        <Class>
          <Summary numSequencePoints="0" visitedSequencePoints="0" numBranchPoints="0" visitedBranchPoints="0" sequenceCoverage="0" branchCoverage="0" maxCyclomaticComplexity="1" minCyclomaticComplexity="1" maxCrapScore="2" minCrapScore="2" visitedClasses="0" numClasses="0" visitedMethods="0" numMethods="0" />
          <FullName>Prova1.Infra.ORM.Initializer.DbInitializer</FullName>
          <Methods>
            <Method visited="false" cyclomaticComplexity="1" nPathComplexity="0" sequenceCoverage="0" branchCoverage="0" crapScore="2" isConstructor="true" isStatic="false" isGetter="false" isSetter="false">
              <Summary numSequencePoints="0" visitedSequencePoints="0" numBranchPoints="0" visitedBranchPoints="0" sequenceCoverage="0" branchCoverage="0" maxCyclomaticComplexity="1" minCyclomaticComplexity="1" maxCrapScore="2" minCrapScore="2" visitedClasses="0" numClasses="0" visitedMethods="0" numMethods="0" />
              <MetadataToken>100663316</MetadataToken>
              <Name>System.Void Prova1.Infra.ORM.Initializer.DbInitializer::.ctor()</Name>
              <SequencePoints />
              <BranchPoints />
              <MethodPoint vc="0" uspid="20" ordinal="0" offset="0" />
            </Method>
          </Methods>
        </Class>
        <Class>
          <Summary numSequencePoints="0" visitedSequencePoints="0" numBranchPoints="0" visitedBranchPoints="0" sequenceCoverage="0" branchCoverage="0" maxCyclomaticComplexity="1" minCyclomaticComplexity="1" maxCrapScore="2" minCrapScore="2" visitedClasses="0" numClasses="0" visitedMethods="0" numMethods="0" />
          <FullName>Prova1.Infra.ORM.Initializer.InitialMigration/&lt;&gt;c</FullName>
          <Methods>
            <Method visited="false" cyclomaticComplexity="1" nPathComplexity="0" sequenceCoverage="0" branchCoverage="0" crapScore="2" isConstructor="true" isStatic="true" isGetter="false" isSetter="false">
              <Summary numSequencePoints="0" visitedSequencePoints="0" numBranchPoints="0" visitedBranchPoints="0" sequenceCoverage="0" branchCoverage="0" maxCyclomaticComplexity="1" minCyclomaticComplexity="1" maxCrapScore="2" minCrapScore="2" visitedClasses="0" numClasses="0" visitedMethods="0" numMethods="0" />
              <MetadataToken>100663348</MetadataToken>
              <Name>System.Void Prova1.Infra.ORM.Initializer.InitialMigration/&lt;&gt;c::.cctor()</Name>
              <SequencePoints />
              <BranchPoints />
              <MethodPoint vc="0" uspid="21" ordinal="0" offset="0" />
            </Method>
            <Method visited="false" cyclomaticComplexity="1" nPathComplexity="0" sequenceCoverage="0" branchCoverage="0" crapScore="2" isConstructor="true" isStatic="false" isGetter="false" isSetter="false">
              <Summary numSequencePoints="0" visitedSequencePoints="0" numBranchPoints="0" visitedBranchPoints="0" sequenceCoverage="0" branchCoverage="0" maxCyclomaticComplexity="1" minCyclomaticComplexity="1" maxCrapScore="2" minCrapScore="2" visitedClasses="0" numClasses="0" visitedMethods="0" numMethods="0" />
              <MetadataToken>100663349</MetadataToken>
              <Name>System.Void Prova1.Infra.ORM.Initializer.InitialMigration/&lt;&gt;c::.ctor()</Name>
              <SequencePoints />
              <BranchPoints />
              <MethodPoint vc="0" uspid="22" ordinal="0" offset="0" />
            </Method>
          </Methods>
        </Class>
        <Class>
          <Summary numSequencePoints="26" visitedSequencePoints="26" numBranchPoints="8" visitedBranchPoints="8" sequenceCoverage="100" branchCoverage="100" maxCyclomaticComplexity="2" minCyclomaticComplexity="1" maxCrapScore="2" minCrapScore="1" visitedClasses="1" numClasses="1" visitedMethods="6" numMethods="6" />
          <FullName>Prova1.Infra.ORM.Features.Products.ProductRepository</FullName>
          <Methods>
            <Method visited="true" cyclomaticComplexity="1" nPathComplexity="0" sequenceCoverage="100" branchCoverage="100" crapScore="1" isConstructor="true" isStatic="false" isGetter="false" isSetter="false">
              <Summary numSequencePoints="4" visitedSequencePoints="4" numBranchPoints="1" visitedBranchPoints="1" sequenceCoverage="100" branchCoverage="100" maxCyclomaticComplexity="1" minCyclomaticComplexity="1" maxCrapScore="1" minCrapScore="1" visitedClasses="0" numClasses="0" visitedMethods="1" numMethods="1" />
              <MetadataToken>100663326</MetadataToken>
              <Name>System.Void Prova1.Infra.ORM.Features.Products.ProductRepository::.ctor(Prova1.Infra.ORM.Contexts.Prova1DbContext)</Name>
              <FileRef uid="4" />
              <SequencePoints>
                <SequencePoint vc="8" uspid="23" ordinal="0" offset="0" sl="14" sc="9" el="14" ec="58" bec="0" bev="0" fileid="4" />
                <SequencePoint vc="8" uspid="24" ordinal="1" offset="7" sl="15" sc="9" el="15" ec="10" bec="0" bev="0" fileid="4" />
                <SequencePoint vc="8" uspid="25" ordinal="2" offset="8" sl="16" sc="13" el="16" ec="32" bec="0" bev="0" fileid="4" />
                <SequencePoint vc="8" uspid="26" ordinal="3" offset="15" sl="17" sc="9" el="17" ec="10" bec="0" bev="0" fileid="4" />
              </SequencePoints>
              <BranchPoints />
              <MethodPoint xsi:type="SequencePoint" vc="8" uspid="23" ordinal="0" offset="0" sl="14" sc="9" el="14" ec="58" bec="0" bev="0" fileid="4" />
            </Method>
            <Method visited="true" cyclomaticComplexity="1" nPathComplexity="0" sequenceCoverage="100" branchCoverage="100" crapScore="1" isConstructor="false" isStatic="false" isGetter="false" isSetter="false">
              <Summary numSequencePoints="5" visitedSequencePoints="5" numBranchPoints="1" visitedBranchPoints="1" sequenceCoverage="100" branchCoverage="100" maxCyclomaticComplexity="1" minCyclomaticComplexity="1" maxCrapScore="1" minCrapScore="1" visitedClasses="0" numClasses="0" visitedMethods="1" numMethods="1" />
              <MetadataToken>100663327</MetadataToken>
              <Name>Prova1.Domain.Products.Product Prova1.Infra.ORM.Features.Products.ProductRepository::Add(Prova1.Domain.Products.Product)</Name>
              <FileRef uid="4" />
              <SequencePoints>
                <SequencePoint vc="1" uspid="27" ordinal="0" offset="0" sl="22" sc="9" el="22" ec="10" bec="0" bev="0" fileid="4" />
                <SequencePoint vc="1" uspid="28" ordinal="1" offset="1" sl="23" sc="13" el="23" ec="62" bec="0" bev="0" fileid="4" />
                <SequencePoint vc="1" uspid="29" ordinal="2" offset="19" sl="24" sc="13" el="24" ec="36" bec="0" bev="0" fileid="4" />
                <SequencePoint vc="1" uspid="30" ordinal="3" offset="31" sl="25" sc="13" el="25" ec="32" bec="0" bev="0" fileid="4" />
                <SequencePoint vc="1" uspid="31" ordinal="4" offset="35" sl="26" sc="9" el="26" ec="10" bec="0" bev="0" fileid="4" />
              </SequencePoints>
              <BranchPoints />
              <MethodPoint xsi:type="SequencePoint" vc="1" uspid="27" ordinal="0" offset="0" sl="22" sc="9" el="22" ec="10" bec="0" bev="0" fileid="4" />
            </Method>
            <Method visited="true" cyclomaticComplexity="1" nPathComplexity="0" sequenceCoverage="100" branchCoverage="100" crapScore="1" isConstructor="false" isStatic="false" isGetter="false" isSetter="false">
              <Summary numSequencePoints="3" visitedSequencePoints="3" numBranchPoints="1" visitedBranchPoints="1" sequenceCoverage="100" branchCoverage="100" maxCyclomaticComplexity="1" minCyclomaticComplexity="1" maxCrapScore="1" minCrapScore="1" visitedClasses="0" numClasses="0" visitedMethods="1" numMethods="1" />
              <MetadataToken>100663328</MetadataToken>
              <Name>System.Linq.IQueryable`1&lt;Prova1.Domain.Products.Product&gt; Prova1.Infra.ORM.Features.Products.ProductRepository::GetAll()</Name>
              <FileRef uid="4" />
              <SequencePoints>
                <SequencePoint vc="1" uspid="32" ordinal="0" offset="0" sl="32" sc="9" el="32" ec="10" bec="0" bev="0" fileid="4" />
                <SequencePoint vc="1" uspid="33" ordinal="1" offset="1" sl="33" sc="13" el="33" ec="43" bec="0" bev="0" fileid="4" />
                <SequencePoint vc="1" uspid="34" ordinal="2" offset="15" sl="34" sc="9" el="34" ec="10" bec="0" bev="0" fileid="4" />
              </SequencePoints>
              <BranchPoints />
              <MethodPoint xsi:type="SequencePoint" vc="1" uspid="32" ordinal="0" offset="0" sl="32" sc="9" el="32" ec="10" bec="0" bev="0" fileid="4" />
            </Method>
            <Method visited="true" cyclomaticComplexity="1" nPathComplexity="0" sequenceCoverage="100" branchCoverage="100" crapScore="1" isConstructor="false" isStatic="false" isGetter="false" isSetter="false">
              <Summary numSequencePoints="3" visitedSequencePoints="3" numBranchPoints="1" visitedBranchPoints="1" sequenceCoverage="100" branchCoverage="100" maxCyclomaticComplexity="1" minCyclomaticComplexity="1" maxCrapScore="1" minCrapScore="1" visitedClasses="0" numClasses="0" visitedMethods="1" numMethods="1" />
              <MetadataToken>100663329</MetadataToken>
              <Name>Prova1.Domain.Products.Product Prova1.Infra.ORM.Features.Products.ProductRepository::GetById(System.Int32)</Name>
              <FileRef uid="4" />
              <SequencePoints>
                <SequencePoint vc="2" uspid="35" ordinal="0" offset="13" sl="37" sc="9" el="37" ec="10" bec="0" bev="0" fileid="4" />
                <SequencePoint vc="2" uspid="36" ordinal="1" offset="14" sl="38" sc="13" el="38" ec="77" bec="0" bev="0" fileid="4" />
                <SequencePoint vc="2" uspid="37" ordinal="2" offset="126" sl="39" sc="9" el="39" ec="10" bec="0" bev="0" fileid="4" />
              </SequencePoints>
              <BranchPoints />
              <MethodPoint vc="2" uspid="38" ordinal="0" offset="0" />
            </Method>
            <Method visited="true" cyclomaticComplexity="2" nPathComplexity="2" sequenceCoverage="100" branchCoverage="100" crapScore="2" isConstructor="false" isStatic="false" isGetter="false" isSetter="false">
              <Summary numSequencePoints="7" visitedSequencePoints="7" numBranchPoints="3" visitedBranchPoints="3" sequenceCoverage="100" branchCoverage="100" maxCyclomaticComplexity="2" minCyclomaticComplexity="2" maxCrapScore="2" minCrapScore="2" visitedClasses="0" numClasses="0" visitedMethods="1" numMethods="1" />
              <MetadataToken>100663330</MetadataToken>
              <Name>System.Boolean Prova1.Infra.ORM.Features.Products.ProductRepository::Remove(System.Int32)</Name>
              <FileRef uid="4" />
              <SequencePoints>
                <SequencePoint vc="2" uspid="39" ordinal="0" offset="13" sl="44" sc="9" el="44" ec="10" bec="0" bev="0" fileid="4" />
                <SequencePoint vc="2" uspid="40" ordinal="1" offset="14" sl="45" sc="13" el="45" ec="84" bec="0" bev="0" fileid="4" />
                <SequencePoint vc="2" uspid="41" ordinal="2" offset="124" sl="46" sc="13" el="46" ec="33" bec="2" bev="2" fileid="4" />
                <SequencePoint vc="1" uspid="42" ordinal="3" offset="135" sl="47" sc="17" el="47" ec="47" bec="0" bev="0" fileid="4" />
                <SequencePoint vc="1" uspid="43" ordinal="4" offset="141" sl="48" sc="13" el="48" ec="65" bec="0" bev="0" fileid="4" />
                <SequencePoint vc="1" uspid="44" ordinal="5" offset="160" sl="49" sc="13" el="49" ec="47" bec="0" bev="0" fileid="4" />
                <SequencePoint vc="1" uspid="45" ordinal="6" offset="178" sl="50" sc="9" el="50" ec="10" bec="0" bev="0" fileid="4" />
              </SequencePoints>
              <BranchPoints>
                <BranchPoint vc="1" uspid="46" ordinal="0" offset="133" sl="46" path="0" offsetend="135" fileid="4" />
                <BranchPoint vc="1" uspid="47" ordinal="1" offset="133" sl="46" path="1" offsetend="141" fileid="4" />
              </BranchPoints>
              <MethodPoint vc="2" uspid="48" ordinal="0" offset="0" />
            </Method>
            <Method visited="true" cyclomaticComplexity="1" nPathComplexity="0" sequenceCoverage="100" branchCoverage="100" crapScore="1" isConstructor="false" isStatic="false" isGetter="false" isSetter="false">
              <Summary numSequencePoints="4" visitedSequencePoints="4" numBranchPoints="1" visitedBranchPoints="1" sequenceCoverage="100" branchCoverage="100" maxCyclomaticComplexity="1" minCyclomaticComplexity="1" maxCrapScore="1" minCrapScore="1" visitedClasses="0" numClasses="0" visitedMethods="1" numMethods="1" />
              <MetadataToken>100663331</MetadataToken>
              <Name>System.Boolean Prova1.Infra.ORM.Features.Products.ProductRepository::Update(Prova1.Domain.Products.Product)</Name>
              <FileRef uid="4" />
              <SequencePoints>
                <SequencePoint vc="2" uspid="49" ordinal="0" offset="0" sl="56" sc="9" el="56" ec="10" bec="0" bev="0" fileid="4" />
                <SequencePoint vc="2" uspid="50" ordinal="1" offset="1" sl="57" sc="13" el="57" ec="66" bec="0" bev="0" fileid="4" />
                <SequencePoint vc="2" uspid="51" ordinal="2" offset="21" sl="58" sc="13" el="58" ec="47" bec="0" bev="0" fileid="4" />
                <SequencePoint vc="1" uspid="52" ordinal="3" offset="38" sl="59" sc="9" el="59" ec="10" bec="0" bev="0" fileid="4" />
              </SequencePoints>
              <BranchPoints />
              <MethodPoint xsi:type="SequencePoint" vc="2" uspid="49" ordinal="0" offset="0" sl="56" sc="9" el="56" ec="10" bec="0" bev="0" fileid="4" />
            </Method>
          </Methods>
        </Class>
        <Class>
          <Summary numSequencePoints="0" visitedSequencePoints="0" numBranchPoints="0" visitedBranchPoints="0" sequenceCoverage="0" branchCoverage="0" maxCyclomaticComplexity="1" minCyclomaticComplexity="1" maxCrapScore="2" minCrapScore="2" visitedClasses="0" numClasses="0" visitedMethods="0" numMethods="0" />
          <FullName>Prova1.Infra.ORM.Features.Products.ProductRepository/&lt;&gt;c__DisplayClass4_0</FullName>
          <Methods>
            <Method visited="false" cyclomaticComplexity="1" nPathComplexity="0" sequenceCoverage="0" branchCoverage="0" crapScore="2" isConstructor="true" isStatic="false" isGetter="false" isSetter="false">
              <Summary numSequencePoints="0" visitedSequencePoints="0" numBranchPoints="0" visitedBranchPoints="0" sequenceCoverage="0" branchCoverage="0" maxCyclomaticComplexity="1" minCyclomaticComplexity="1" maxCrapScore="2" minCrapScore="2" visitedClasses="0" numClasses="0" visitedMethods="0" numMethods="0" />
              <MetadataToken>100663354</MetadataToken>
              <Name>System.Void Prova1.Infra.ORM.Features.Products.ProductRepository/&lt;&gt;c__DisplayClass4_0::.ctor()</Name>
              <SequencePoints />
              <BranchPoints />
              <MethodPoint vc="0" uspid="53" ordinal="0" offset="0" />
            </Method>
          </Methods>
        </Class>
        <Class>
          <Summary numSequencePoints="0" visitedSequencePoints="0" numBranchPoints="0" visitedBranchPoints="0" sequenceCoverage="0" branchCoverage="0" maxCyclomaticComplexity="1" minCyclomaticComplexity="1" maxCrapScore="2" minCrapScore="2" visitedClasses="0" numClasses="0" visitedMethods="0" numMethods="0" />
          <FullName>Prova1.Infra.ORM.Features.Products.ProductRepository/&lt;&gt;c__DisplayClass5_0</FullName>
          <Methods>
            <Method visited="false" cyclomaticComplexity="1" nPathComplexity="0" sequenceCoverage="0" branchCoverage="0" crapScore="2" isConstructor="true" isStatic="false" isGetter="false" isSetter="false">
              <Summary numSequencePoints="0" visitedSequencePoints="0" numBranchPoints="0" visitedBranchPoints="0" sequenceCoverage="0" branchCoverage="0" maxCyclomaticComplexity="1" minCyclomaticComplexity="1" maxCrapScore="2" minCrapScore="2" visitedClasses="0" numClasses="0" visitedMethods="0" numMethods="0" />
              <MetadataToken>100663355</MetadataToken>
              <Name>System.Void Prova1.Infra.ORM.Features.Products.ProductRepository/&lt;&gt;c__DisplayClass5_0::.ctor()</Name>
              <SequencePoints />
              <BranchPoints />
              <MethodPoint vc="0" uspid="54" ordinal="0" offset="0" />
            </Method>
          </Methods>
        </Class>
        <Class>
          <Summary numSequencePoints="27" visitedSequencePoints="27" numBranchPoints="8" visitedBranchPoints="8" sequenceCoverage="100" branchCoverage="100" maxCyclomaticComplexity="2" minCyclomaticComplexity="1" maxCrapScore="2" minCrapScore="1" visitedClasses="1" numClasses="1" visitedMethods="6" numMethods="6" />
          <FullName>Prova1.Infra.ORM.Features.Orders.OrderRepository</FullName>
          <Methods>
            <Method visited="true" cyclomaticComplexity="1" nPathComplexity="0" sequenceCoverage="100" branchCoverage="100" crapScore="1" isConstructor="true" isStatic="false" isGetter="false" isSetter="false">
              <Summary numSequencePoints="4" visitedSequencePoints="4" numBranchPoints="1" visitedBranchPoints="1" sequenceCoverage="100" branchCoverage="100" maxCyclomaticComplexity="1" minCyclomaticComplexity="1" maxCrapScore="1" minCrapScore="1" visitedClasses="0" numClasses="0" visitedMethods="1" numMethods="1" />
              <MetadataToken>100663333</MetadataToken>
              <Name>System.Void Prova1.Infra.ORM.Features.Orders.OrderRepository::.ctor(Prova1.Infra.ORM.Contexts.Prova1DbContext)</Name>
              <FileRef uid="5" />
              <SequencePoints>
                <SequencePoint vc="10" uspid="55" ordinal="0" offset="0" sl="17" sc="9" el="17" ec="56" bec="0" bev="0" fileid="5" />
                <SequencePoint vc="10" uspid="56" ordinal="1" offset="7" sl="18" sc="9" el="18" ec="10" bec="0" bev="0" fileid="5" />
                <SequencePoint vc="10" uspid="57" ordinal="2" offset="8" sl="19" sc="13" el="19" ec="32" bec="0" bev="0" fileid="5" />
                <SequencePoint vc="10" uspid="58" ordinal="3" offset="15" sl="20" sc="9" el="20" ec="10" bec="0" bev="0" fileid="5" />
              </SequencePoints>
              <BranchPoints />
              <MethodPoint xsi:type="SequencePoint" vc="10" uspid="55" ordinal="0" offset="0" sl="17" sc="9" el="17" ec="56" bec="0" bev="0" fileid="5" />
            </Method>
            <Method visited="true" cyclomaticComplexity="1" nPathComplexity="0" sequenceCoverage="100" branchCoverage="100" crapScore="1" isConstructor="false" isStatic="false" isGetter="false" isSetter="false">
              <Summary numSequencePoints="6" visitedSequencePoints="6" numBranchPoints="1" visitedBranchPoints="1" sequenceCoverage="100" branchCoverage="100" maxCyclomaticComplexity="1" minCyclomaticComplexity="1" maxCrapScore="1" minCrapScore="1" visitedClasses="0" numClasses="0" visitedMethods="1" numMethods="1" />
              <MetadataToken>100663334</MetadataToken>
              <Name>Prova1.Domain.Orders.Order Prova1.Infra.ORM.Features.Orders.OrderRepository::Add(Prova1.Domain.Orders.Order)</Name>
              <FileRef uid="5" />
              <SequencePoints>
                <SequencePoint vc="2" uspid="59" ordinal="0" offset="0" sl="30" sc="9" el="30" ec="10" bec="0" bev="0" fileid="5" />
                <SequencePoint vc="2" uspid="60" ordinal="1" offset="1" sl="31" sc="13" el="31" ec="53" bec="0" bev="0" fileid="5" />
                <SequencePoint vc="2" uspid="61" ordinal="2" offset="24" sl="32" sc="13" el="32" ec="55" bec="0" bev="0" fileid="5" />
                <SequencePoint vc="2" uspid="62" ordinal="3" offset="42" sl="33" sc="13" el="33" ec="36" bec="0" bev="0" fileid="5" />
                <SequencePoint vc="1" uspid="63" ordinal="4" offset="54" sl="34" sc="13" el="34" ec="29" bec="0" bev="0" fileid="5" />
                <SequencePoint vc="1" uspid="64" ordinal="5" offset="58" sl="35" sc="9" el="35" ec="10" bec="0" bev="0" fileid="5" />
              </SequencePoints>
              <BranchPoints />
              <MethodPoint xsi:type="SequencePoint" vc="2" uspid="59" ordinal="0" offset="0" sl="30" sc="9" el="30" ec="10" bec="0" bev="0" fileid="5" />
            </Method>
            <Method visited="true" cyclomaticComplexity="1" nPathComplexity="0" sequenceCoverage="100" branchCoverage="100" crapScore="1" isConstructor="false" isStatic="false" isGetter="false" isSetter="false">
              <Summary numSequencePoints="3" visitedSequencePoints="3" numBranchPoints="1" visitedBranchPoints="1" sequenceCoverage="100" branchCoverage="100" maxCyclomaticComplexity="1" minCyclomaticComplexity="1" maxCrapScore="1" minCrapScore="1" visitedClasses="0" numClasses="0" visitedMethods="1" numMethods="1" />
              <MetadataToken>100663335</MetadataToken>
              <Name>System.Linq.IQueryable`1&lt;Prova1.Domain.Orders.Order&gt; Prova1.Infra.ORM.Features.Orders.OrderRepository::GetAll()</Name>
              <FileRef uid="5" />
              <SequencePoints>
                <SequencePoint vc="1" uspid="65" ordinal="0" offset="0" sl="42" sc="9" el="42" ec="10" bec="0" bev="0" fileid="5" />
                <SequencePoint vc="1" uspid="66" ordinal="1" offset="1" sl="43" sc="13" el="43" ec="60" bec="0" bev="0" fileid="5" />
                <SequencePoint vc="1" uspid="67" ordinal="2" offset="77" sl="44" sc="9" el="44" ec="10" bec="0" bev="0" fileid="5" />
              </SequencePoints>
              <BranchPoints />
              <MethodPoint xsi:type="SequencePoint" vc="1" uspid="65" ordinal="0" offset="0" sl="42" sc="9" el="42" ec="10" bec="0" bev="0" fileid="5" />
            </Method>
            <Method visited="true" cyclomaticComplexity="1" nPathComplexity="0" sequenceCoverage="100" branchCoverage="100" crapScore="1" isConstructor="false" isStatic="false" isGetter="false" isSetter="false">
              <Summary numSequencePoints="3" visitedSequencePoints="3" numBranchPoints="1" visitedBranchPoints="1" sequenceCoverage="100" branchCoverage="100" maxCyclomaticComplexity="1" minCyclomaticComplexity="1" maxCrapScore="1" minCrapScore="1" visitedClasses="0" numClasses="0" visitedMethods="1" numMethods="1" />
              <MetadataToken>100663336</MetadataToken>
              <Name>Prova1.Domain.Orders.Order Prova1.Infra.ORM.Features.Orders.OrderRepository::GetById(System.Int32)</Name>
              <FileRef uid="5" />
              <SequencePoints>
                <SequencePoint vc="2" uspid="68" ordinal="0" offset="13" sl="47" sc="9" el="47" ec="10" bec="0" bev="0" fileid="5" />
                <SequencePoint vc="2" uspid="69" ordinal="1" offset="14" sl="48" sc="13" el="48" ec="101" bec="0" bev="0" fileid="5" />
                <SequencePoint vc="2" uspid="70" ordinal="2" offset="188" sl="49" sc="9" el="49" ec="10" bec="0" bev="0" fileid="5" />
              </SequencePoints>
              <BranchPoints />
              <MethodPoint vc="2" uspid="71" ordinal="0" offset="0" />
            </Method>
            <Method visited="true" cyclomaticComplexity="2" nPathComplexity="2" sequenceCoverage="100" branchCoverage="100" crapScore="2" isConstructor="false" isStatic="false" isGetter="false" isSetter="false">
              <Summary numSequencePoints="7" visitedSequencePoints="7" numBranchPoints="3" visitedBranchPoints="3" sequenceCoverage="100" branchCoverage="100" maxCyclomaticComplexity="2" minCyclomaticComplexity="2" maxCrapScore="2" minCrapScore="2" visitedClasses="0" numClasses="0" visitedMethods="1" numMethods="1" />
              <MetadataToken>100663337</MetadataToken>
              <Name>System.Boolean Prova1.Infra.ORM.Features.Orders.OrderRepository::Remove(System.Int32)</Name>
              <FileRef uid="5" />
              <SequencePoints>
                <SequencePoint vc="2" uspid="72" ordinal="0" offset="13" sl="56" sc="9" el="56" ec="10" bec="0" bev="0" fileid="5" />
                <SequencePoint vc="2" uspid="73" ordinal="1" offset="14" sl="57" sc="13" el="57" ec="86" bec="0" bev="0" fileid="5" />
                <SequencePoint vc="2" uspid="74" ordinal="2" offset="129" sl="58" sc="13" el="58" ec="31" bec="2" bev="2" fileid="5" />
                <SequencePoint vc="1" uspid="75" ordinal="3" offset="140" sl="59" sc="17" el="59" ec="47" bec="0" bev="0" fileid="5" />
                <SequencePoint vc="1" uspid="76" ordinal="4" offset="146" sl="60" sc="13" el="60" ec="63" bec="0" bev="0" fileid="5" />
                <SequencePoint vc="1" uspid="77" ordinal="5" offset="165" sl="61" sc="13" el="61" ec="47" bec="0" bev="0" fileid="5" />
                <SequencePoint vc="1" uspid="78" ordinal="6" offset="183" sl="62" sc="9" el="62" ec="10" bec="0" bev="0" fileid="5" />
              </SequencePoints>
              <BranchPoints>
                <BranchPoint vc="1" uspid="79" ordinal="0" offset="138" sl="58" path="0" offsetend="140" fileid="5" />
                <BranchPoint vc="1" uspid="80" ordinal="1" offset="138" sl="58" path="1" offsetend="146" fileid="5" />
              </BranchPoints>
              <MethodPoint vc="2" uspid="81" ordinal="0" offset="0" />
            </Method>
            <Method visited="true" cyclomaticComplexity="1" nPathComplexity="0" sequenceCoverage="100" branchCoverage="100" crapScore="1" isConstructor="false" isStatic="false" isGetter="false" isSetter="false">
              <Summary numSequencePoints="4" visitedSequencePoints="4" numBranchPoints="1" visitedBranchPoints="1" sequenceCoverage="100" branchCoverage="100" maxCyclomaticComplexity="1" minCyclomaticComplexity="1" maxCrapScore="1" minCrapScore="1" visitedClasses="0" numClasses="0" visitedMethods="1" numMethods="1" />
              <MetadataToken>100663338</MetadataToken>
              <Name>System.Boolean Prova1.Infra.ORM.Features.Orders.OrderRepository::Update(Prova1.Domain.Orders.Order)</Name>
              <FileRef uid="5" />
              <SequencePoints>
                <SequencePoint vc="3" uspid="82" ordinal="0" offset="0" sl="68" sc="9" el="68" ec="10" bec="0" bev="0" fileid="5" />
                <SequencePoint vc="3" uspid="83" ordinal="1" offset="1" sl="70" sc="13" el="70" ec="64" bec="0" bev="0" fileid="5" />
                <SequencePoint vc="2" uspid="84" ordinal="2" offset="21" sl="72" sc="13" el="72" ec="47" bec="0" bev="0" fileid="5" />
                <SequencePoint vc="1" uspid="85" ordinal="3" offset="38" sl="73" sc="9" el="73" ec="10" bec="0" bev="0" fileid="5" />
              </SequencePoints>
              <BranchPoints />
              <MethodPoint xsi:type="SequencePoint" vc="3" uspid="82" ordinal="0" offset="0" sl="68" sc="9" el="68" ec="10" bec="0" bev="0" fileid="5" />
            </Method>
          </Methods>
        </Class>
        <Class>
          <Summary numSequencePoints="0" visitedSequencePoints="0" numBranchPoints="0" visitedBranchPoints="0" sequenceCoverage="0" branchCoverage="0" maxCyclomaticComplexity="1" minCyclomaticComplexity="1" maxCrapScore="2" minCrapScore="2" visitedClasses="0" numClasses="0" visitedMethods="0" numMethods="0" />
          <FullName>Prova1.Infra.ORM.Features.Orders.OrderRepository/&lt;&gt;c</FullName>
          <Methods>
            <Method visited="false" cyclomaticComplexity="1" nPathComplexity="0" sequenceCoverage="0" branchCoverage="0" crapScore="2" isConstructor="true" isStatic="true" isGetter="false" isSetter="false">
              <Summary numSequencePoints="0" visitedSequencePoints="0" numBranchPoints="0" visitedBranchPoints="0" sequenceCoverage="0" branchCoverage="0" maxCyclomaticComplexity="1" minCyclomaticComplexity="1" maxCrapScore="2" minCrapScore="2" visitedClasses="0" numClasses="0" visitedMethods="0" numMethods="0" />
              <MetadataToken>100663358</MetadataToken>
              <Name>System.Void Prova1.Infra.ORM.Features.Orders.OrderRepository/&lt;&gt;c::.cctor()</Name>
              <SequencePoints />
              <BranchPoints />
              <MethodPoint vc="0" uspid="86" ordinal="0" offset="0" />
            </Method>
            <Method visited="false" cyclomaticComplexity="1" nPathComplexity="0" sequenceCoverage="0" branchCoverage="0" crapScore="2" isConstructor="true" isStatic="false" isGetter="false" isSetter="false">
              <Summary numSequencePoints="0" visitedSequencePoints="0" numBranchPoints="0" visitedBranchPoints="0" sequenceCoverage="0" branchCoverage="0" maxCyclomaticComplexity="1" minCyclomaticComplexity="1" maxCrapScore="2" minCrapScore="2" visitedClasses="0" numClasses="0" visitedMethods="0" numMethods="0" />
              <MetadataToken>100663359</MetadataToken>
              <Name>System.Void Prova1.Infra.ORM.Features.Orders.OrderRepository/&lt;&gt;c::.ctor()</Name>
              <SequencePoints />
              <BranchPoints />
              <MethodPoint vc="0" uspid="87" ordinal="0" offset="0" />
            </Method>
          </Methods>
        </Class>
        <Class>
          <Summary numSequencePoints="0" visitedSequencePoints="0" numBranchPoints="0" visitedBranchPoints="0" sequenceCoverage="0" branchCoverage="0" maxCyclomaticComplexity="1" minCyclomaticComplexity="1" maxCrapScore="2" minCrapScore="2" visitedClasses="0" numClasses="0" visitedMethods="0" numMethods="0" />
          <FullName>Prova1.Infra.ORM.Features.Orders.OrderRepository/&lt;&gt;c__DisplayClass4_0</FullName>
          <Methods>
            <Method visited="false" cyclomaticComplexity="1" nPathComplexity="0" sequenceCoverage="0" branchCoverage="0" crapScore="2" isConstructor="true" isStatic="false" isGetter="false" isSetter="false">
              <Summary numSequencePoints="0" visitedSequencePoints="0" numBranchPoints="0" visitedBranchPoints="0" sequenceCoverage="0" branchCoverage="0" maxCyclomaticComplexity="1" minCyclomaticComplexity="1" maxCrapScore="2" minCrapScore="2" visitedClasses="0" numClasses="0" visitedMethods="0" numMethods="0" />
              <MetadataToken>100663360</MetadataToken>
              <Name>System.Void Prova1.Infra.ORM.Features.Orders.OrderRepository/&lt;&gt;c__DisplayClass4_0::.ctor()</Name>
              <SequencePoints />
              <BranchPoints />
              <MethodPoint vc="0" uspid="88" ordinal="0" offset="0" />
            </Method>
          </Methods>
        </Class>
        <Class>
          <Summary numSequencePoints="0" visitedSequencePoints="0" numBranchPoints="0" visitedBranchPoints="0" sequenceCoverage="0" branchCoverage="0" maxCyclomaticComplexity="1" minCyclomaticComplexity="1" maxCrapScore="2" minCrapScore="2" visitedClasses="0" numClasses="0" visitedMethods="0" numMethods="0" />
          <FullName>Prova1.Infra.ORM.Features.Orders.OrderRepository/&lt;&gt;c__DisplayClass5_0</FullName>
          <Methods>
            <Method visited="false" cyclomaticComplexity="1" nPathComplexity="0" sequenceCoverage="0" branchCoverage="0" crapScore="2" isConstructor="true" isStatic="false" isGetter="false" isSetter="false">
              <Summary numSequencePoints="0" visitedSequencePoints="0" numBranchPoints="0" visitedBranchPoints="0" sequenceCoverage="0" branchCoverage="0" maxCyclomaticComplexity="1" minCyclomaticComplexity="1" maxCrapScore="2" minCrapScore="2" visitedClasses="0" numClasses="0" visitedMethods="0" numMethods="0" />
              <MetadataToken>100663361</MetadataToken>
              <Name>System.Void Prova1.Infra.ORM.Features.Orders.OrderRepository/&lt;&gt;c__DisplayClass5_0::.ctor()</Name>
              <SequencePoints />
              <BranchPoints />
              <MethodPoint vc="0" uspid="89" ordinal="0" offset="0" />
            </Method>
          </Methods>
        </Class>
      </Classes>
    </Module>
    <Module hash="B5-DA-50-07-BD-24-75-61-82-AA-71-5F-B5-9E-15-E8-57-F8-6B-58">
      <Summary numSequencePoints="29" visitedSequencePoints="12" numBranchPoints="18" visitedBranchPoints="7" sequenceCoverage="41.38" branchCoverage="38.89" maxCyclomaticComplexity="5" minCyclomaticComplexity="0" maxCrapScore="12" minCrapScore="0" visitedClasses="1" numClasses="2" visitedMethods="2" numMethods="6" />
      <ModulePath>F:\Projetos\Project Academia 2018\Exemplos\Prova1\server\Prova1.Infra.Data.Tests\bin\Debug\Prova1.Domain.dll</ModulePath>
      <ModuleTime>2018-07-09T18:16:20.8302404Z</ModuleTime>
      <ModuleName>Prova1.Domain</ModuleName>
      <Files>
        <File uid="11" fullPath="F:\Projetos\Project Academia 2018\Exemplos\Prova1\server\Prova1.Domain\Entity.cs" />
        <File uid="12" fullPath="F:\Projetos\Project Academia 2018\Exemplos\Prova1\server\Prova1.Domain\Features\Products\Product.cs" />
        <File uid="13" fullPath="F:\Projetos\Project Academia 2018\Exemplos\Prova1\server\Prova1.Domain\Features\Orders\Order.cs" />
      </Files>
      <Classes>
        <Class>
          <Summary numSequencePoints="26" visitedSequencePoints="12" numBranchPoints="15" visitedBranchPoints="7" sequenceCoverage="46.15" branchCoverage="46.67" maxCyclomaticComplexity="5" minCyclomaticComplexity="1" maxCrapScore="6.60" minCrapScore="2" visitedClasses="1" numClasses="1" visitedMethods="2" numMethods="5" />
          <FullName>Prova1.Domain.Entity</FullName>
          <Methods>
            <Method skippedDueTo="AutoImplementedProperty" visited="false" cyclomaticComplexity="1" nPathComplexity="0" sequenceCoverage="0" branchCoverage="0" crapScore="0" isConstructor="false" isStatic="false" isGetter="true" isSetter="false">
              <MetadataToken>100663297</MetadataToken>
              <Name>System.Int32 Prova1.Domain.Entity::get_Id()</Name>
              <FileRef uid="11" />
              <SequencePoints />
              <BranchPoints />
            </Method>
            <Method skippedDueTo="AutoImplementedProperty" visited="false" cyclomaticComplexity="1" nPathComplexity="0" sequenceCoverage="0" branchCoverage="0" crapScore="0" isConstructor="false" isStatic="false" isGetter="false" isSetter="true">
              <MetadataToken>100663298</MetadataToken>
              <Name>System.Void Prova1.Domain.Entity::set_Id(System.Int32)</Name>
              <FileRef uid="11" />
              <SequencePoints />
              <BranchPoints />
            </Method>
            <Method visited="true" cyclomaticComplexity="5" nPathComplexity="8" sequenceCoverage="60" branchCoverage="42.86" crapScore="6.60" isConstructor="false" isStatic="false" isGetter="false" isSetter="false">
              <Summary numSequencePoints="10" visitedSequencePoints="6" numBranchPoints="7" visitedBranchPoints="3" sequenceCoverage="60" branchCoverage="42.86" maxCyclomaticComplexity="5" minCyclomaticComplexity="5" maxCrapScore="6.60" minCrapScore="6.60" visitedClasses="0" numClasses="0" visitedMethods="1" numMethods="1" />
              <MetadataToken>100663299</MetadataToken>
              <Name>System.Boolean Prova1.Domain.Entity::Equals(System.Object)</Name>
              <FileRef uid="11" />
              <SequencePoints>
                <SequencePoint vc="5" uspid="90" ordinal="0" offset="0" sl="25" sc="9" el="25" ec="10" bec="0" bev="0" fileid="11" />
                <SequencePoint vc="5" uspid="91" ordinal="1" offset="1" sl="26" sc="13" el="26" ec="39" bec="0" bev="0" fileid="11" />
                <SequencePoint vc="5" uspid="92" ordinal="2" offset="8" sl="28" sc="13" el="28" ec="46" bec="2" bev="1" fileid="11" />
                <SequencePoint vc="0" uspid="93" ordinal="3" offset="16" sl="29" sc="17" el="29" ec="30" bec="0" bev="0" fileid="11" />
                <SequencePoint vc="5" uspid="94" ordinal="4" offset="20" sl="31" sc="13" el="31" ec="46" bec="2" bev="1" fileid="11" />
                <SequencePoint vc="5" uspid="95" ordinal="5" offset="28" sl="32" sc="17" el="32" ec="29" bec="0" bev="0" fileid="11" />
                <SequencePoint vc="0" uspid="96" ordinal="6" offset="32" sl="34" sc="13" el="34" ec="42" bec="2" bev="0" fileid="11" />
                <SequencePoint vc="0" uspid="97" ordinal="7" offset="58" sl="35" sc="17" el="35" ec="30" bec="0" bev="0" fileid="11" />
                <SequencePoint vc="0" uspid="98" ordinal="8" offset="62" sl="37" sc="13" el="37" ec="35" bec="0" bev="0" fileid="11" />
                <SequencePoint vc="5" uspid="99" ordinal="9" offset="79" sl="38" sc="9" el="38" ec="10" bec="0" bev="0" fileid="11" />
              </SequencePoints>
              <BranchPoints>
                <BranchPoint vc="0" uspid="100" ordinal="0" offset="14" sl="28" path="0" offsetend="16" fileid="11" />
                <BranchPoint vc="5" uspid="101" ordinal="1" offset="14" sl="28" path="1" offsetend="20" fileid="11" />
                <BranchPoint vc="5" uspid="102" ordinal="2" offset="26" sl="31" path="0" offsetend="28" fileid="11" />
                <BranchPoint vc="0" uspid="103" ordinal="3" offset="26" sl="31" path="1" offsetend="32" fileid="11" />
                <BranchPoint vc="0" uspid="106" ordinal="6" offset="56" sl="34" path="0" offsetend="58" fileid="11" />
                <BranchPoint vc="0" uspid="107" ordinal="7" offset="56" sl="34" path="1" offsetend="62" fileid="11" />
              </BranchPoints>
              <MethodPoint xsi:type="SequencePoint" vc="5" uspid="90" ordinal="0" offset="0" sl="25" sc="9" el="25" ec="10" bec="0" bev="0" fileid="11" />
            </Method>
            <Method visited="true" cyclomaticComplexity="5" nPathComplexity="4" sequenceCoverage="85.71" branchCoverage="80" crapScore="5.07" isConstructor="false" isStatic="true" isGetter="false" isSetter="false">
              <Summary numSequencePoints="7" visitedSequencePoints="6" numBranchPoints="5" visitedBranchPoints="4" sequenceCoverage="85.71" branchCoverage="80" maxCyclomaticComplexity="5" minCyclomaticComplexity="5" maxCrapScore="5.07" minCrapScore="5.07" visitedClasses="0" numClasses="0" visitedMethods="1" numMethods="1" />
              <MetadataToken>100663300</MetadataToken>
              <Name>System.Boolean Prova1.Domain.Entity::op_Equality(Prova1.Domain.Entity,Prova1.Domain.Entity)</Name>
              <FileRef uid="11" />
              <SequencePoints>
                <SequencePoint vc="4" uspid="108" ordinal="0" offset="0" sl="47" sc="9" el="47" ec="10" bec="0" bev="0" fileid="11" />
                <SequencePoint vc="4" uspid="109" ordinal="1" offset="1" sl="48" sc="13" el="48" ec="70" bec="2" bev="2" fileid="11" />
                <SequencePoint vc="2" uspid="110" ordinal="2" offset="15" sl="49" sc="17" el="49" ec="29" bec="0" bev="0" fileid="11" />
                <SequencePoint vc="2" uspid="111" ordinal="3" offset="19" sl="51" sc="13" el="51" ec="70" bec="2" bev="1" fileid="11" />
                <SequencePoint vc="2" uspid="112" ordinal="4" offset="33" sl="52" sc="17" el="52" ec="30" bec="0" bev="0" fileid="11" />
                <SequencePoint vc="0" uspid="113" ordinal="5" offset="37" sl="54" sc="13" el="54" ec="32" bec="0" bev="0" fileid="11" />
                <SequencePoint vc="4" uspid="114" ordinal="6" offset="47" sl="55" sc="9" el="55" ec="10" bec="0" bev="0" fileid="11" />
              </SequencePoints>
              <BranchPoints>
                <BranchPoint vc="2" uspid="117" ordinal="2" offset="13" sl="48" path="0" offsetend="15" fileid="11" />
                <BranchPoint vc="2" uspid="118" ordinal="3" offset="13" sl="48" path="1" offsetend="19" fileid="11" />
                <BranchPoint vc="2" uspid="121" ordinal="6" offset="31" sl="51" path="0" offsetend="33" fileid="11" />
                <BranchPoint vc="0" uspid="122" ordinal="7" offset="31" sl="51" path="1" offsetend="37" fileid="11" />
              </BranchPoints>
              <MethodPoint xsi:type="SequencePoint" vc="4" uspid="108" ordinal="0" offset="0" sl="47" sc="9" el="47" ec="10" bec="0" bev="0" fileid="11" />
            </Method>
            <Method visited="false" cyclomaticComplexity="1" nPathComplexity="0" sequenceCoverage="0" branchCoverage="0" crapScore="2" isConstructor="false" isStatic="true" isGetter="false" isSetter="false">
              <Summary numSequencePoints="3" visitedSequencePoints="0" numBranchPoints="1" visitedBranchPoints="0" sequenceCoverage="0" branchCoverage="0" maxCyclomaticComplexity="1" minCyclomaticComplexity="1" maxCrapScore="2" minCrapScore="2" visitedClasses="0" numClasses="0" visitedMethods="0" numMethods="1" />
              <MetadataToken>100663301</MetadataToken>
              <Name>System.Boolean Prova1.Domain.Entity::op_Inequality(Prova1.Domain.Entity,Prova1.Domain.Entity)</Name>
              <FileRef uid="11" />
              <SequencePoints>
                <SequencePoint vc="0" uspid="123" ordinal="0" offset="0" sl="64" sc="9" el="64" ec="10" bec="0" bev="0" fileid="11" />
                <SequencePoint vc="0" uspid="124" ordinal="1" offset="1" sl="65" sc="13" el="65" ec="30" bec="0" bev="0" fileid="11" />
                <SequencePoint vc="0" uspid="125" ordinal="2" offset="14" sl="66" sc="9" el="66" ec="10" bec="0" bev="0" fileid="11" />
              </SequencePoints>
              <BranchPoints />
              <MethodPoint xsi:type="SequencePoint" vc="0" uspid="123" ordinal="0" offset="0" sl="64" sc="9" el="64" ec="10" bec="0" bev="0" fileid="11" />
            </Method>
            <Method visited="false" cyclomaticComplexity="1" nPathComplexity="0" sequenceCoverage="0" branchCoverage="0" crapScore="2" isConstructor="false" isStatic="false" isGetter="false" isSetter="false">
              <Summary numSequencePoints="3" visitedSequencePoints="0" numBranchPoints="1" visitedBranchPoints="0" sequenceCoverage="0" branchCoverage="0" maxCyclomaticComplexity="1" minCyclomaticComplexity="1" maxCrapScore="2" minCrapScore="2" visitedClasses="0" numClasses="0" visitedMethods="0" numMethods="1" />
              <MetadataToken>100663302</MetadataToken>
              <Name>System.Int32 Prova1.Domain.Entity::GetHashCode()</Name>
              <FileRef uid="11" />
              <SequencePoints>
                <SequencePoint vc="0" uspid="126" ordinal="0" offset="0" sl="72" sc="9" el="72" ec="10" bec="0" bev="0" fileid="11" />
                <SequencePoint vc="0" uspid="127" ordinal="1" offset="1" sl="73" sc="13" el="73" ec="37" bec="0" bev="0" fileid="11" />
                <SequencePoint vc="0" uspid="128" ordinal="2" offset="18" sl="74" sc="9" el="74" ec="10" bec="0" bev="0" fileid="11" />
              </SequencePoints>
              <BranchPoints />
              <MethodPoint xsi:type="SequencePoint" vc="0" uspid="126" ordinal="0" offset="0" sl="72" sc="9" el="72" ec="10" bec="0" bev="0" fileid="11" />
            </Method>
            <Method visited="false" cyclomaticComplexity="1" nPathComplexity="0" sequenceCoverage="0" branchCoverage="0" crapScore="2" isConstructor="false" isStatic="false" isGetter="false" isSetter="false">
              <Summary numSequencePoints="3" visitedSequencePoints="0" numBranchPoints="1" visitedBranchPoints="0" sequenceCoverage="0" branchCoverage="0" maxCyclomaticComplexity="1" minCyclomaticComplexity="1" maxCrapScore="2" minCrapScore="2" visitedClasses="0" numClasses="0" visitedMethods="0" numMethods="1" />
              <MetadataToken>100663303</MetadataToken>
              <Name>System.Boolean Prova1.Domain.Entity::Validate()</Name>
              <FileRef uid="11" />
              <SequencePoints>
                <SequencePoint vc="0" uspid="129" ordinal="0" offset="0" sl="81" sc="9" el="81" ec="10" bec="0" bev="0" fileid="11" />
                <SequencePoint vc="0" uspid="130" ordinal="1" offset="1" sl="82" sc="13" el="82" ec="25" bec="0" bev="0" fileid="11" />
                <SequencePoint vc="0" uspid="131" ordinal="2" offset="5" sl="83" sc="9" el="83" ec="10" bec="0" bev="0" fileid="11" />
              </SequencePoints>
              <BranchPoints />
              <MethodPoint xsi:type="SequencePoint" vc="0" uspid="129" ordinal="0" offset="0" sl="81" sc="9" el="81" ec="10" bec="0" bev="0" fileid="11" />
            </Method>
            <Method visited="false" cyclomaticComplexity="1" nPathComplexity="0" sequenceCoverage="0" branchCoverage="0" crapScore="2" isConstructor="true" isStatic="false" isGetter="false" isSetter="false">
              <Summary numSequencePoints="0" visitedSequencePoints="0" numBranchPoints="0" visitedBranchPoints="0" sequenceCoverage="0" branchCoverage="0" maxCyclomaticComplexity="1" minCyclomaticComplexity="1" maxCrapScore="2" minCrapScore="2" visitedClasses="0" numClasses="0" visitedMethods="0" numMethods="0" />
              <MetadataToken>100663304</MetadataToken>
              <Name>System.Void Prova1.Domain.Entity::.ctor()</Name>
              <SequencePoints />
              <BranchPoints />
              <MethodPoint vc="0" uspid="132" ordinal="0" offset="0" />
            </Method>
          </Methods>
        </Class>
        <Class>
          <Summary numSequencePoints="0" visitedSequencePoints="0" numBranchPoints="0" visitedBranchPoints="0" sequenceCoverage="0" branchCoverage="0" maxCyclomaticComplexity="1" minCyclomaticComplexity="1" maxCrapScore="2" minCrapScore="2" visitedClasses="0" numClasses="0" visitedMethods="0" numMethods="0" />
          <FullName>Prova1.Domain.Products.Product</FullName>
          <Methods>
            <Method skippedDueTo="AutoImplementedProperty" visited="false" cyclomaticComplexity="1" nPathComplexity="0" sequenceCoverage="0" branchCoverage="0" crapScore="0" isConstructor="false" isStatic="false" isGetter="true" isSetter="false">
              <MetadataToken>100663305</MetadataToken>
              <Name>System.String Prova1.Domain.Products.Product::get_Name()</Name>
              <FileRef uid="12" />
              <SequencePoints />
              <BranchPoints />
            </Method>
            <Method skippedDueTo="AutoImplementedProperty" visited="false" cyclomaticComplexity="1" nPathComplexity="0" sequenceCoverage="0" branchCoverage="0" crapScore="0" isConstructor="false" isStatic="false" isGetter="false" isSetter="true">
              <MetadataToken>100663306</MetadataToken>
              <Name>System.Void Prova1.Domain.Products.Product::set_Name(System.String)</Name>
              <FileRef uid="12" />
              <SequencePoints />
              <BranchPoints />
            </Method>
            <Method skippedDueTo="AutoImplementedProperty" visited="false" cyclomaticComplexity="1" nPathComplexity="0" sequenceCoverage="0" branchCoverage="0" crapScore="0" isConstructor="false" isStatic="false" isGetter="true" isSetter="false">
              <MetadataToken>100663307</MetadataToken>
              <Name>System.Double Prova1.Domain.Products.Product::get_Sale()</Name>
              <FileRef uid="12" />
              <SequencePoints />
              <BranchPoints />
            </Method>
            <Method skippedDueTo="AutoImplementedProperty" visited="false" cyclomaticComplexity="1" nPathComplexity="0" sequenceCoverage="0" branchCoverage="0" crapScore="0" isConstructor="false" isStatic="false" isGetter="false" isSetter="true">
              <MetadataToken>100663308</MetadataToken>
              <Name>System.Void Prova1.Domain.Products.Product::set_Sale(System.Double)</Name>
              <FileRef uid="12" />
              <SequencePoints />
              <BranchPoints />
            </Method>
            <Method skippedDueTo="AutoImplementedProperty" visited="false" cyclomaticComplexity="1" nPathComplexity="0" sequenceCoverage="0" branchCoverage="0" crapScore="0" isConstructor="false" isStatic="false" isGetter="true" isSetter="false">
              <MetadataToken>100663309</MetadataToken>
              <Name>System.Double Prova1.Domain.Products.Product::get_Expense()</Name>
              <FileRef uid="12" />
              <SequencePoints />
              <BranchPoints />
            </Method>
            <Method skippedDueTo="AutoImplementedProperty" visited="false" cyclomaticComplexity="1" nPathComplexity="0" sequenceCoverage="0" branchCoverage="0" crapScore="0" isConstructor="false" isStatic="false" isGetter="false" isSetter="true">
              <MetadataToken>100663310</MetadataToken>
              <Name>System.Void Prova1.Domain.Products.Product::set_Expense(System.Double)</Name>
              <FileRef uid="12" />
              <SequencePoints />
              <BranchPoints />
            </Method>
            <Method skippedDueTo="AutoImplementedProperty" visited="false" cyclomaticComplexity="1" nPathComplexity="0" sequenceCoverage="0" branchCoverage="0" crapScore="0" isConstructor="false" isStatic="false" isGetter="true" isSetter="false">
              <MetadataToken>100663311</MetadataToken>
              <Name>System.Boolean Prova1.Domain.Products.Product::get_IsAvailable()</Name>
              <FileRef uid="12" />
              <SequencePoints />
              <BranchPoints />
            </Method>
            <Method skippedDueTo="AutoImplementedProperty" visited="false" cyclomaticComplexity="1" nPathComplexity="0" sequenceCoverage="0" branchCoverage="0" crapScore="0" isConstructor="false" isStatic="false" isGetter="false" isSetter="true">
              <MetadataToken>100663312</MetadataToken>
              <Name>System.Void Prova1.Domain.Products.Product::set_IsAvailable(System.Boolean)</Name>
              <FileRef uid="12" />
              <SequencePoints />
              <BranchPoints />
            </Method>
            <Method skippedDueTo="AutoImplementedProperty" visited="false" cyclomaticComplexity="1" nPathComplexity="0" sequenceCoverage="0" branchCoverage="0" crapScore="0" isConstructor="false" isStatic="false" isGetter="true" isSetter="false">
              <MetadataToken>100663313</MetadataToken>
              <Name>System.DateTime Prova1.Domain.Products.Product::get_Manufacture()</Name>
              <FileRef uid="12" />
              <SequencePoints />
              <BranchPoints />
            </Method>
            <Method skippedDueTo="AutoImplementedProperty" visited="false" cyclomaticComplexity="1" nPathComplexity="0" sequenceCoverage="0" branchCoverage="0" crapScore="0" isConstructor="false" isStatic="false" isGetter="false" isSetter="true">
              <MetadataToken>100663314</MetadataToken>
              <Name>System.Void Prova1.Domain.Products.Product::set_Manufacture(System.DateTime)</Name>
              <FileRef uid="12" />
              <SequencePoints />
              <BranchPoints />
            </Method>
            <Method skippedDueTo="AutoImplementedProperty" visited="false" cyclomaticComplexity="1" nPathComplexity="0" sequenceCoverage="0" branchCoverage="0" crapScore="0" isConstructor="false" isStatic="false" isGetter="true" isSetter="false">
              <MetadataToken>100663315</MetadataToken>
              <Name>System.DateTime Prova1.Domain.Products.Product::get_Expiration()</Name>
              <FileRef uid="12" />
              <SequencePoints />
              <BranchPoints />
            </Method>
            <Method skippedDueTo="AutoImplementedProperty" visited="false" cyclomaticComplexity="1" nPathComplexity="0" sequenceCoverage="0" branchCoverage="0" crapScore="0" isConstructor="false" isStatic="false" isGetter="false" isSetter="true">
              <MetadataToken>100663316</MetadataToken>
              <Name>System.Void Prova1.Domain.Products.Product::set_Expiration(System.DateTime)</Name>
              <FileRef uid="12" />
              <SequencePoints />
              <BranchPoints />
            </Method>
            <Method visited="false" cyclomaticComplexity="1" nPathComplexity="0" sequenceCoverage="0" branchCoverage="0" crapScore="2" isConstructor="true" isStatic="false" isGetter="false" isSetter="false">
              <Summary numSequencePoints="0" visitedSequencePoints="0" numBranchPoints="0" visitedBranchPoints="0" sequenceCoverage="0" branchCoverage="0" maxCyclomaticComplexity="1" minCyclomaticComplexity="1" maxCrapScore="2" minCrapScore="2" visitedClasses="0" numClasses="0" visitedMethods="0" numMethods="0" />
              <MetadataToken>100663317</MetadataToken>
              <Name>System.Void Prova1.Domain.Products.Product::.ctor()</Name>
              <SequencePoints />
              <BranchPoints />
              <MethodPoint vc="0" uspid="133" ordinal="0" offset="0" />
            </Method>
          </Methods>
        </Class>
        <Class>
          <Summary numSequencePoints="3" visitedSequencePoints="0" numBranchPoints="3" visitedBranchPoints="0" sequenceCoverage="0" branchCoverage="0" maxCyclomaticComplexity="3" minCyclomaticComplexity="1" maxCrapScore="12" minCrapScore="2" visitedClasses="0" numClasses="1" visitedMethods="0" numMethods="1" />
          <FullName>Prova1.Domain.Orders.Order</FullName>
          <Methods>
            <Method skippedDueTo="AutoImplementedProperty" visited="false" cyclomaticComplexity="1" nPathComplexity="0" sequenceCoverage="0" branchCoverage="0" crapScore="0" isConstructor="false" isStatic="false" isGetter="true" isSetter="false">
              <MetadataToken>100663318</MetadataToken>
              <Name>System.String Prova1.Domain.Orders.Order::get_Customer()</Name>
              <FileRef uid="13" />
              <SequencePoints />
              <BranchPoints />
            </Method>
            <Method skippedDueTo="AutoImplementedProperty" visited="false" cyclomaticComplexity="1" nPathComplexity="0" sequenceCoverage="0" branchCoverage="0" crapScore="0" isConstructor="false" isStatic="false" isGetter="false" isSetter="true">
              <MetadataToken>100663319</MetadataToken>
              <Name>System.Void Prova1.Domain.Orders.Order::set_Customer(System.String)</Name>
              <FileRef uid="13" />
              <SequencePoints />
              <BranchPoints />
            </Method>
            <Method skippedDueTo="AutoImplementedProperty" visited="false" cyclomaticComplexity="1" nPathComplexity="0" sequenceCoverage="0" branchCoverage="0" crapScore="0" isConstructor="false" isStatic="false" isGetter="true" isSetter="false">
              <MetadataToken>100663320</MetadataToken>
              <Name>System.Int32 Prova1.Domain.Orders.Order::get_Quantity()</Name>
              <FileRef uid="13" />
              <SequencePoints />
              <BranchPoints />
            </Method>
            <Method skippedDueTo="AutoImplementedProperty" visited="false" cyclomaticComplexity="1" nPathComplexity="0" sequenceCoverage="0" branchCoverage="0" crapScore="0" isConstructor="false" isStatic="false" isGetter="false" isSetter="true">
              <MetadataToken>100663321</MetadataToken>
              <Name>System.Void Prova1.Domain.Orders.Order::set_Quantity(System.Int32)</Name>
              <FileRef uid="13" />
              <SequencePoints />
              <BranchPoints />
            </Method>
            <Method skippedDueTo="AutoImplementedProperty" visited="false" cyclomaticComplexity="1" nPathComplexity="0" sequenceCoverage="0" branchCoverage="0" crapScore="0" isConstructor="false" isStatic="false" isGetter="true" isSetter="false">
              <MetadataToken>100663322</MetadataToken>
              <Name>Prova1.Domain.Products.Product Prova1.Domain.Orders.Order::get_Product()</Name>
              <FileRef uid="13" />
              <SequencePoints />
              <BranchPoints />
            </Method>
            <Method skippedDueTo="AutoImplementedProperty" visited="false" cyclomaticComplexity="1" nPathComplexity="0" sequenceCoverage="0" branchCoverage="0" crapScore="0" isConstructor="false" isStatic="false" isGetter="false" isSetter="true">
              <MetadataToken>100663323</MetadataToken>
              <Name>System.Void Prova1.Domain.Orders.Order::set_Product(Prova1.Domain.Products.Product)</Name>
              <FileRef uid="13" />
              <SequencePoints />
              <BranchPoints />
            </Method>
            <Method skippedDueTo="AutoImplementedProperty" visited="false" cyclomaticComplexity="1" nPathComplexity="0" sequenceCoverage="0" branchCoverage="0" crapScore="0" isConstructor="false" isStatic="false" isGetter="true" isSetter="false">
              <MetadataToken>100663324</MetadataToken>
              <Name>System.Int32 Prova1.Domain.Orders.Order::get_ProductId()</Name>
              <FileRef uid="13" />
              <SequencePoints />
              <BranchPoints />
            </Method>
            <Method skippedDueTo="AutoImplementedProperty" visited="false" cyclomaticComplexity="1" nPathComplexity="0" sequenceCoverage="0" branchCoverage="0" crapScore="0" isConstructor="false" isStatic="false" isGetter="false" isSetter="true">
              <MetadataToken>100663325</MetadataToken>
              <Name>System.Void Prova1.Domain.Orders.Order::set_ProductId(System.Int32)</Name>
              <FileRef uid="13" />
              <SequencePoints />
              <BranchPoints />
            </Method>
            <Method visited="false" cyclomaticComplexity="3" nPathComplexity="2" sequenceCoverage="0" branchCoverage="0" crapScore="12" isConstructor="false" isStatic="false" isGetter="true" isSetter="false">
              <Summary numSequencePoints="3" visitedSequencePoints="0" numBranchPoints="3" visitedBranchPoints="0" sequenceCoverage="0" branchCoverage="0" maxCyclomaticComplexity="3" minCyclomaticComplexity="3" maxCrapScore="12" minCrapScore="12" visitedClasses="0" numClasses="0" visitedMethods="0" numMethods="1" />
              <MetadataToken>100663326</MetadataToken>
              <Name>System.Double Prova1.Domain.Orders.Order::get_Total()</Name>
              <FileRef uid="13" />
              <SequencePoints>
                <SequencePoint vc="0" uspid="134" ordinal="0" offset="0" sl="18" sc="13" el="18" ec="14" bec="0" bev="0" fileid="13" />
                <SequencePoint vc="0" uspid="135" ordinal="1" offset="1" sl="19" sc="17" el="19" ec="90" bec="2" bev="0" fileid="13" />
                <SequencePoint vc="0" uspid="136" ordinal="2" offset="60" sl="20" sc="13" el="20" ec="14" bec="0" bev="0" fileid="13" />
              </SequencePoints>
              <BranchPoints>
                <BranchPoint vc="0" uspid="137" ordinal="0" offset="13" sl="19" path="0" offsetend="15" fileid="13" />
                <BranchPoint vc="0" uspid="138" ordinal="1" offset="13" sl="19" path="1" offsetend="26" fileid="13" />
              </BranchPoints>
              <MethodPoint xsi:type="SequencePoint" vc="0" uspid="134" ordinal="0" offset="0" sl="18" sc="13" el="18" ec="14" bec="0" bev="0" fileid="13" />
            </Method>
            <Method visited="false" cyclomaticComplexity="1" nPathComplexity="0" sequenceCoverage="0" branchCoverage="0" crapScore="2" isConstructor="true" isStatic="false" isGetter="false" isSetter="false">
              <Summary numSequencePoints="0" visitedSequencePoints="0" numBranchPoints="0" visitedBranchPoints="0" sequenceCoverage="0" branchCoverage="0" maxCyclomaticComplexity="1" minCyclomaticComplexity="1" maxCrapScore="2" minCrapScore="2" visitedClasses="0" numClasses="0" visitedMethods="0" numMethods="0" />
              <MetadataToken>100663327</MetadataToken>
              <Name>System.Void Prova1.Domain.Orders.Order::.ctor()</Name>
              <SequencePoints />
              <BranchPoints />
              <MethodPoint vc="0" uspid="139" ordinal="0" offset="0" />
            </Method>
          </Methods>
        </Class>
      </Classes>
    </Module>
    <Module hash="DE-8A-27-66-92-5A-CA-81-10-2B-5A-EB-00-4C-72-C3-83-95-DE-A3">
      <Summary numSequencePoints="0" visitedSequencePoints="0" numBranchPoints="0" visitedBranchPoints="0" sequenceCoverage="0" branchCoverage="0" maxCyclomaticComplexity="0" minCyclomaticComplexity="0" maxCrapScore="0" minCrapScore="0" visitedClasses="0" numClasses="0" visitedMethods="0" numMethods="0" />
      <ModulePath>F:\Projetos\Project Academia 2018\Exemplos\Prova1\server\Prova1.Infra.Data.Tests\bin\Debug\Prova1.Infra.dll</ModulePath>
      <ModuleTime>2018-07-09T18:16:20.7215501Z</ModuleTime>
      <ModuleName>Prova1.Infra</ModuleName>
      <Files />
      <Classes />
    </Module>
  </Modules>
</CoverageSession>