<?xml version="1.0" encoding="utf-8"?>
<CoverageSession xmlns:xsd="http://www.w3.org/2001/XMLSchema" xmlns:xsi="http://www.w3.org/2001/XMLSchema-instance" Version="4.6.0.0">
  <Summary numSequencePoints="29" visitedSequencePoints="29" numBranchPoints="18" visitedBranchPoints="18" sequenceCoverage="100" branchCoverage="100" maxCyclomaticComplexity="5" minCyclomaticComplexity="0" maxCrapScore="5" minCrapScore="0" visitedClasses="2" numClasses="2" visitedMethods="6" numMethods="6" />
  <Modules>
    <Module hash="55-D5-16-53-2D-F5-20-5C-73-3B-53-9A-7F-EA-82-61-B4-37-BD-B3">
      <Summary numSequencePoints="29" visitedSequencePoints="29" numBranchPoints="18" visitedBranchPoints="18" sequenceCoverage="100" branchCoverage="100" maxCyclomaticComplexity="5" minCyclomaticComplexity="0" maxCrapScore="5" minCrapScore="0" visitedClasses="2" numClasses="2" visitedMethods="6" numMethods="6" />
      <ModulePath>F:\Projetos\Project Academia 2018\Exemplos_master\Prova1\server\Prova1.Domain.Tests\bin\Debug\Prova1.Domain.dll</ModulePath>
      <ModuleTime>2018-07-06T14:17:38.4071626Z</ModuleTime>
      <ModuleName>Prova1.Domain</ModuleName>
      <Files>
        <File uid="1" fullPath="F:\Projetos\Project Academia 2018\Exemplos_master\Prova1\server\Prova1.Domain\Entity.cs" />
        <File uid="2" fullPath="F:\Projetos\Project Academia 2018\Exemplos_master\Prova1\server\Prova1.Domain\Features\Products\Product.cs" />
        <File uid="3" fullPath="F:\Projetos\Project Academia 2018\Exemplos_master\Prova1\server\Prova1.Domain\Features\Orders\Order.cs" />
      </Files>
      <Classes>
        <Class>
          <Summary numSequencePoints="26" visitedSequencePoints="26" numBranchPoints="15" visitedBranchPoints="15" sequenceCoverage="100" branchCoverage="100" maxCyclomaticComplexity="5" minCyclomaticComplexity="1" maxCrapScore="5" minCrapScore="1" visitedClasses="1" numClasses="1" visitedMethods="5" numMethods="5" />
          <FullName>Prova1.Domain.Entity</FullName>
          <Methods>
            <Method skippedDueTo="AutoImplementedProperty" visited="false" cyclomaticComplexity="1" nPathComplexity="0" sequenceCoverage="0" branchCoverage="0" crapScore="0" isConstructor="false" isStatic="false" isGetter="true" isSetter="false">
              <MetadataToken>100663297</MetadataToken>
              <Name>System.Int32 Prova1.Domain.Entity::get_Id()</Name>
              <FileRef uid="1" />
              <SequencePoints />
              <BranchPoints />
            </Method>
            <Method skippedDueTo="AutoImplementedProperty" visited="false" cyclomaticComplexity="1" nPathComplexity="0" sequenceCoverage="0" branchCoverage="0" crapScore="0" isConstructor="false" isStatic="false" isGetter="false" isSetter="true">
              <MetadataToken>100663298</MetadataToken>
              <Name>System.Void Prova1.Domain.Entity::set_Id(System.Int32)</Name>
              <FileRef uid="1" />
              <SequencePoints />
              <BranchPoints />
            </Method>
            <Method visited="true" cyclomaticComplexity="5" nPathComplexity="8" sequenceCoverage="100" branchCoverage="100" crapScore="5" isConstructor="false" isStatic="false" isGetter="false" isSetter="false">
              <Summary numSequencePoints="10" visitedSequencePoints="10" numBranchPoints="7" visitedBranchPoints="7" sequenceCoverage="100" branchCoverage="100" maxCyclomaticComplexity="5" minCyclomaticComplexity="5" maxCrapScore="5" minCrapScore="5" visitedClasses="0" numClasses="0" visitedMethods="1" numMethods="1" />
              <MetadataToken>100663299</MetadataToken>
              <Name>System.Boolean Prova1.Domain.Entity::Equals(System.Object)</Name>
              <FileRef uid="1" />
              <SequencePoints>
                <SequencePoint vc="8" uspid="1" ordinal="0" offset="0" sl="25" sc="9" el="25" ec="10" bec="0" bev="0" fileid="1" />
                <SequencePoint vc="8" uspid="2" ordinal="1" offset="1" sl="26" sc="13" el="26" ec="39" bec="0" bev="0" fileid="1" />
                <SequencePoint vc="8" uspid="3" ordinal="2" offset="8" sl="28" sc="13" el="28" ec="46" bec="2" bev="2" fileid="1" />
                <SequencePoint vc="1" uspid="4" ordinal="3" offset="16" sl="29" sc="17" el="29" ec="30" bec="0" bev="0" fileid="1" />
                <SequencePoint vc="7" uspid="5" ordinal="4" offset="20" sl="31" sc="13" el="31" ec="46" bec="2" bev="2" fileid="1" />
                <SequencePoint vc="2" uspid="6" ordinal="5" offset="28" sl="32" sc="17" el="32" ec="29" bec="0" bev="0" fileid="1" />
                <SequencePoint vc="5" uspid="7" ordinal="6" offset="32" sl="34" sc="13" el="34" ec="42" bec="2" bev="2" fileid="1" />
                <SequencePoint vc="1" uspid="8" ordinal="7" offset="58" sl="35" sc="17" el="35" ec="30" bec="0" bev="0" fileid="1" />
                <SequencePoint vc="4" uspid="9" ordinal="8" offset="62" sl="37" sc="13" el="37" ec="35" bec="0" bev="0" fileid="1" />
                <SequencePoint vc="8" uspid="10" ordinal="9" offset="79" sl="38" sc="9" el="38" ec="10" bec="0" bev="0" fileid="1" />
              </SequencePoints>
              <BranchPoints>
                <BranchPoint vc="1" uspid="11" ordinal="0" offset="14" sl="28" path="0" offsetend="16" fileid="1" />
                <BranchPoint vc="7" uspid="12" ordinal="1" offset="14" sl="28" path="1" offsetend="20" fileid="1" />
                <BranchPoint vc="2" uspid="13" ordinal="2" offset="26" sl="31" path="0" offsetend="28" fileid="1" />
                <BranchPoint vc="5" uspid="14" ordinal="3" offset="26" sl="31" path="1" offsetend="32" fileid="1" />
                <BranchPoint vc="1" uspid="17" ordinal="6" offset="56" sl="34" path="0" offsetend="58" fileid="1" />
                <BranchPoint vc="4" uspid="18" ordinal="7" offset="56" sl="34" path="1" offsetend="62" fileid="1" />
              </BranchPoints>
              <MethodPoint xsi:type="SequencePoint" vc="8" uspid="1" ordinal="0" offset="0" sl="25" sc="9" el="25" ec="10" bec="0" bev="0" fileid="1" />
            </Method>
            <Method visited="true" cyclomaticComplexity="5" nPathComplexity="4" sequenceCoverage="100" branchCoverage="100" crapScore="5" isConstructor="false" isStatic="true" isGetter="false" isSetter="false">
              <Summary numSequencePoints="7" visitedSequencePoints="7" numBranchPoints="5" visitedBranchPoints="5" sequenceCoverage="100" branchCoverage="100" maxCyclomaticComplexity="5" minCyclomaticComplexity="5" maxCrapScore="5" minCrapScore="5" visitedClasses="0" numClasses="0" visitedMethods="1" numMethods="1" />
              <MetadataToken>100663300</MetadataToken>
              <Name>System.Boolean Prova1.Domain.Entity::op_Equality(Prova1.Domain.Entity,Prova1.Domain.Entity)</Name>
              <FileRef uid="1" />
              <SequencePoints>
                <SequencePoint vc="6" uspid="19" ordinal="0" offset="0" sl="47" sc="9" el="47" ec="10" bec="0" bev="0" fileid="1" />
                <SequencePoint vc="6" uspid="20" ordinal="1" offset="1" sl="48" sc="13" el="48" ec="70" bec="2" bev="2" fileid="1" />
                <SequencePoint vc="2" uspid="21" ordinal="2" offset="15" sl="49" sc="17" el="49" ec="29" bec="0" bev="0" fileid="1" />
                <SequencePoint vc="4" uspid="22" ordinal="3" offset="19" sl="51" sc="13" el="51" ec="70" bec="2" bev="2" fileid="1" />
                <SequencePoint vc="1" uspid="23" ordinal="4" offset="33" sl="52" sc="17" el="52" ec="30" bec="0" bev="0" fileid="1" />
                <SequencePoint vc="3" uspid="24" ordinal="5" offset="37" sl="54" sc="13" el="54" ec="32" bec="0" bev="0" fileid="1" />
                <SequencePoint vc="6" uspid="25" ordinal="6" offset="47" sl="55" sc="9" el="55" ec="10" bec="0" bev="0" fileid="1" />
              </SequencePoints>
              <BranchPoints>
                <BranchPoint vc="2" uspid="28" ordinal="2" offset="13" sl="48" path="0" offsetend="15" fileid="1" />
                <BranchPoint vc="4" uspid="29" ordinal="3" offset="13" sl="48" path="1" offsetend="19" fileid="1" />
                <BranchPoint vc="1" uspid="32" ordinal="6" offset="31" sl="51" path="0" offsetend="33" fileid="1" />
                <BranchPoint vc="3" uspid="33" ordinal="7" offset="31" sl="51" path="1" offsetend="37" fileid="1" />
              </BranchPoints>
              <MethodPoint xsi:type="SequencePoint" vc="6" uspid="19" ordinal="0" offset="0" sl="47" sc="9" el="47" ec="10" bec="0" bev="0" fileid="1" />
            </Method>
            <Method visited="true" cyclomaticComplexity="1" nPathComplexity="0" sequenceCoverage="100" branchCoverage="100" crapScore="1" isConstructor="false" isStatic="true" isGetter="false" isSetter="false">
              <Summary numSequencePoints="3" visitedSequencePoints="3" numBranchPoints="1" visitedBranchPoints="1" sequenceCoverage="100" branchCoverage="100" maxCyclomaticComplexity="1" minCyclomaticComplexity="1" maxCrapScore="1" minCrapScore="1" visitedClasses="0" numClasses="0" visitedMethods="1" numMethods="1" />
              <MetadataToken>100663301</MetadataToken>
              <Name>System.Boolean Prova1.Domain.Entity::op_Inequality(Prova1.Domain.Entity,Prova1.Domain.Entity)</Name>
              <FileRef uid="1" />
              <SequencePoints>
                <SequencePoint vc="2" uspid="34" ordinal="0" offset="0" sl="64" sc="9" el="64" ec="10" bec="0" bev="0" fileid="1" />
                <SequencePoint vc="2" uspid="35" ordinal="1" offset="1" sl="65" sc="13" el="65" ec="30" bec="0" bev="0" fileid="1" />
                <SequencePoint vc="2" uspid="36" ordinal="2" offset="14" sl="66" sc="9" el="66" ec="10" bec="0" bev="0" fileid="1" />
              </SequencePoints>
              <BranchPoints />
              <MethodPoint xsi:type="SequencePoint" vc="2" uspid="34" ordinal="0" offset="0" sl="64" sc="9" el="64" ec="10" bec="0" bev="0" fileid="1" />
            </Method>
            <Method visited="true" cyclomaticComplexity="1" nPathComplexity="0" sequenceCoverage="100" branchCoverage="100" crapScore="1" isConstructor="false" isStatic="false" isGetter="false" isSetter="false">
              <Summary numSequencePoints="3" visitedSequencePoints="3" numBranchPoints="1" visitedBranchPoints="1" sequenceCoverage="100" branchCoverage="100" maxCyclomaticComplexity="1" minCyclomaticComplexity="1" maxCrapScore="1" minCrapScore="1" visitedClasses="0" numClasses="0" visitedMethods="1" numMethods="1" />
              <MetadataToken>100663302</MetadataToken>
              <Name>System.Int32 Prova1.Domain.Entity::GetHashCode()</Name>
              <FileRef uid="1" />
              <SequencePoints>
                <SequencePoint vc="1" uspid="37" ordinal="0" offset="0" sl="72" sc="9" el="72" ec="10" bec="0" bev="0" fileid="1" />
                <SequencePoint vc="1" uspid="38" ordinal="1" offset="1" sl="73" sc="13" el="73" ec="37" bec="0" bev="0" fileid="1" />
                <SequencePoint vc="1" uspid="39" ordinal="2" offset="18" sl="74" sc="9" el="74" ec="10" bec="0" bev="0" fileid="1" />
              </SequencePoints>
              <BranchPoints />
              <MethodPoint xsi:type="SequencePoint" vc="1" uspid="37" ordinal="0" offset="0" sl="72" sc="9" el="72" ec="10" bec="0" bev="0" fileid="1" />
            </Method>
            <Method visited="true" cyclomaticComplexity="1" nPathComplexity="0" sequenceCoverage="100" branchCoverage="100" crapScore="1" isConstructor="false" isStatic="false" isGetter="false" isSetter="false">
              <Summary numSequencePoints="3" visitedSequencePoints="3" numBranchPoints="1" visitedBranchPoints="1" sequenceCoverage="100" branchCoverage="100" maxCyclomaticComplexity="1" minCyclomaticComplexity="1" maxCrapScore="1" minCrapScore="1" visitedClasses="0" numClasses="0" visitedMethods="1" numMethods="1" />
              <MetadataToken>100663303</MetadataToken>
              <Name>System.Boolean Prova1.Domain.Entity::Validate()</Name>
              <FileRef uid="1" />
              <SequencePoints>
                <SequencePoint vc="1" uspid="40" ordinal="0" offset="0" sl="81" sc="9" el="81" ec="10" bec="0" bev="0" fileid="1" />
                <SequencePoint vc="1" uspid="41" ordinal="1" offset="1" sl="82" sc="13" el="82" ec="25" bec="0" bev="0" fileid="1" />
                <SequencePoint vc="1" uspid="42" ordinal="2" offset="5" sl="83" sc="9" el="83" ec="10" bec="0" bev="0" fileid="1" />
              </SequencePoints>
              <BranchPoints />
              <MethodPoint xsi:type="SequencePoint" vc="1" uspid="40" ordinal="0" offset="0" sl="81" sc="9" el="81" ec="10" bec="0" bev="0" fileid="1" />
            </Method>
            <Method visited="false" cyclomaticComplexity="1" nPathComplexity="0" sequenceCoverage="0" branchCoverage="0" crapScore="2" isConstructor="true" isStatic="false" isGetter="false" isSetter="false">
              <Summary numSequencePoints="0" visitedSequencePoints="0" numBranchPoints="0" visitedBranchPoints="0" sequenceCoverage="0" branchCoverage="0" maxCyclomaticComplexity="1" minCyclomaticComplexity="1" maxCrapScore="2" minCrapScore="2" visitedClasses="0" numClasses="0" visitedMethods="0" numMethods="0" />
              <MetadataToken>100663304</MetadataToken>
              <Name>System.Void Prova1.Domain.Entity::.ctor()</Name>
              <SequencePoints />
              <BranchPoints />
              <MethodPoint vc="0" uspid="43" ordinal="0" offset="0" />
            </Method>
          </Methods>
        </Class>
        <Class>
          <Summary numSequencePoints="0" visitedSequencePoints="0" numBranchPoints="0" visitedBranchPoints="0" sequenceCoverage="0" branchCoverage="0" maxCyclomaticComplexity="1" minCyclomaticComplexity="1" maxCrapScore="2" minCrapScore="2" visitedClasses="0" numClasses="0" visitedMethods="0" numMethods="0" />
          <FullName>Prova1.Domain.Products.Product</FullName>
          <Methods>
            <Method skippedDueTo="AutoImplementedProperty" visited="false" cyclomaticComplexity="1" nPathComplexity="0" sequenceCoverage="0" branchCoverage="0" crapScore="0" isConstructor="false" isStatic="false" isGetter="true" isSetter="false">
              <MetadataToken>100663305</MetadataToken>
              <Name>System.String Prova1.Domain.Products.Product::get_Name()</Name>
              <FileRef uid="2" />
              <SequencePoints />
              <BranchPoints />
            </Method>
            <Method skippedDueTo="AutoImplementedProperty" visited="false" cyclomaticComplexity="1" nPathComplexity="0" sequenceCoverage="0" branchCoverage="0" crapScore="0" isConstructor="false" isStatic="false" isGetter="false" isSetter="true">
              <MetadataToken>100663306</MetadataToken>
              <Name>System.Void Prova1.Domain.Products.Product::set_Name(System.String)</Name>
              <FileRef uid="2" />
              <SequencePoints />
              <BranchPoints />
            </Method>
            <Method skippedDueTo="AutoImplementedProperty" visited="false" cyclomaticComplexity="1" nPathComplexity="0" sequenceCoverage="0" branchCoverage="0" crapScore="0" isConstructor="false" isStatic="false" isGetter="true" isSetter="false">
              <MetadataToken>100663307</MetadataToken>
              <Name>System.Double Prova1.Domain.Products.Product::get_Sale()</Name>
              <FileRef uid="2" />
              <SequencePoints />
              <BranchPoints />
            </Method>
            <Method skippedDueTo="AutoImplementedProperty" visited="false" cyclomaticComplexity="1" nPathComplexity="0" sequenceCoverage="0" branchCoverage="0" crapScore="0" isConstructor="false" isStatic="false" isGetter="false" isSetter="true">
              <MetadataToken>100663308</MetadataToken>
              <Name>System.Void Prova1.Domain.Products.Product::set_Sale(System.Double)</Name>
              <FileRef uid="2" />
              <SequencePoints />
              <BranchPoints />
            </Method>
            <Method skippedDueTo="AutoImplementedProperty" visited="false" cyclomaticComplexity="1" nPathComplexity="0" sequenceCoverage="0" branchCoverage="0" crapScore="0" isConstructor="false" isStatic="false" isGetter="true" isSetter="false">
              <MetadataToken>100663309</MetadataToken>
              <Name>System.Double Prova1.Domain.Products.Product::get_Expense()</Name>
              <FileRef uid="2" />
              <SequencePoints />
              <BranchPoints />
            </Method>
            <Method skippedDueTo="AutoImplementedProperty" visited="false" cyclomaticComplexity="1" nPathComplexity="0" sequenceCoverage="0" branchCoverage="0" crapScore="0" isConstructor="false" isStatic="false" isGetter="false" isSetter="true">
              <MetadataToken>100663310</MetadataToken>
              <Name>System.Void Prova1.Domain.Products.Product::set_Expense(System.Double)</Name>
              <FileRef uid="2" />
              <SequencePoints />
              <BranchPoints />
            </Method>
            <Method skippedDueTo="AutoImplementedProperty" visited="false" cyclomaticComplexity="1" nPathComplexity="0" sequenceCoverage="0" branchCoverage="0" crapScore="0" isConstructor="false" isStatic="false" isGetter="true" isSetter="false">
              <MetadataToken>100663311</MetadataToken>
              <Name>System.Boolean Prova1.Domain.Products.Product::get_IsAvailable()</Name>
              <FileRef uid="2" />
              <SequencePoints />
              <BranchPoints />
            </Method>
            <Method skippedDueTo="AutoImplementedProperty" visited="false" cyclomaticComplexity="1" nPathComplexity="0" sequenceCoverage="0" branchCoverage="0" crapScore="0" isConstructor="false" isStatic="false" isGetter="false" isSetter="true">
              <MetadataToken>100663312</MetadataToken>
              <Name>System.Void Prova1.Domain.Products.Product::set_IsAvailable(System.Boolean)</Name>
              <FileRef uid="2" />
              <SequencePoints />
              <BranchPoints />
            </Method>
            <Method skippedDueTo="AutoImplementedProperty" visited="false" cyclomaticComplexity="1" nPathComplexity="0" sequenceCoverage="0" branchCoverage="0" crapScore="0" isConstructor="false" isStatic="false" isGetter="true" isSetter="false">
              <MetadataToken>100663313</MetadataToken>
              <Name>System.DateTime Prova1.Domain.Products.Product::get_Manufacture()</Name>
              <FileRef uid="2" />
              <SequencePoints />
              <BranchPoints />
            </Method>
            <Method skippedDueTo="AutoImplementedProperty" visited="false" cyclomaticComplexity="1" nPathComplexity="0" sequenceCoverage="0" branchCoverage="0" crapScore="0" isConstructor="false" isStatic="false" isGetter="false" isSetter="true">
              <MetadataToken>100663314</MetadataToken>
              <Name>System.Void Prova1.Domain.Products.Product::set_Manufacture(System.DateTime)</Name>
              <FileRef uid="2" />
              <SequencePoints />
              <BranchPoints />
            </Method>
            <Method skippedDueTo="AutoImplementedProperty" visited="false" cyclomaticComplexity="1" nPathComplexity="0" sequenceCoverage="0" branchCoverage="0" crapScore="0" isConstructor="false" isStatic="false" isGetter="true" isSetter="false">
              <MetadataToken>100663315</MetadataToken>
              <Name>System.DateTime Prova1.Domain.Products.Product::get_Expiration()</Name>
              <FileRef uid="2" />
              <SequencePoints />
              <BranchPoints />
            </Method>
            <Method skippedDueTo="AutoImplementedProperty" visited="false" cyclomaticComplexity="1" nPathComplexity="0" sequenceCoverage="0" branchCoverage="0" crapScore="0" isConstructor="false" isStatic="false" isGetter="false" isSetter="true">
              <MetadataToken>100663316</MetadataToken>
              <Name>System.Void Prova1.Domain.Products.Product::set_Expiration(System.DateTime)</Name>
              <FileRef uid="2" />
              <SequencePoints />
              <BranchPoints />
            </Method>
            <Method visited="false" cyclomaticComplexity="1" nPathComplexity="0" sequenceCoverage="0" branchCoverage="0" crapScore="2" isConstructor="true" isStatic="false" isGetter="false" isSetter="false">
              <Summary numSequencePoints="0" visitedSequencePoints="0" numBranchPoints="0" visitedBranchPoints="0" sequenceCoverage="0" branchCoverage="0" maxCyclomaticComplexity="1" minCyclomaticComplexity="1" maxCrapScore="2" minCrapScore="2" visitedClasses="0" numClasses="0" visitedMethods="0" numMethods="0" />
              <MetadataToken>100663317</MetadataToken>
              <Name>System.Void Prova1.Domain.Products.Product::.ctor()</Name>
              <SequencePoints />
              <BranchPoints />
              <MethodPoint vc="0" uspid="44" ordinal="0" offset="0" />
            </Method>
          </Methods>
        </Class>
        <Class>
          <Summary numSequencePoints="3" visitedSequencePoints="3" numBranchPoints="3" visitedBranchPoints="3" sequenceCoverage="100" branchCoverage="100" maxCyclomaticComplexity="3" minCyclomaticComplexity="1" maxCrapScore="3" minCrapScore="2" visitedClasses="1" numClasses="1" visitedMethods="1" numMethods="1" />
          <FullName>Prova1.Domain.Orders.Order</FullName>
          <Methods>
            <Method skippedDueTo="AutoImplementedProperty" visited="false" cyclomaticComplexity="1" nPathComplexity="0" sequenceCoverage="0" branchCoverage="0" crapScore="0" isConstructor="false" isStatic="false" isGetter="true" isSetter="false">
              <MetadataToken>100663318</MetadataToken>
              <Name>System.String Prova1.Domain.Orders.Order::get_Customer()</Name>
              <FileRef uid="3" />
              <SequencePoints />
              <BranchPoints />
            </Method>
            <Method skippedDueTo="AutoImplementedProperty" visited="false" cyclomaticComplexity="1" nPathComplexity="0" sequenceCoverage="0" branchCoverage="0" crapScore="0" isConstructor="false" isStatic="false" isGetter="false" isSetter="true">
              <MetadataToken>100663319</MetadataToken>
              <Name>System.Void Prova1.Domain.Orders.Order::set_Customer(System.String)</Name>
              <FileRef uid="3" />
              <SequencePoints />
              <BranchPoints />
            </Method>
            <Method skippedDueTo="AutoImplementedProperty" visited="false" cyclomaticComplexity="1" nPathComplexity="0" sequenceCoverage="0" branchCoverage="0" crapScore="0" isConstructor="false" isStatic="false" isGetter="true" isSetter="false">
              <MetadataToken>100663320</MetadataToken>
              <Name>System.Int32 Prova1.Domain.Orders.Order::get_Quantity()</Name>
              <FileRef uid="3" />
              <SequencePoints />
              <BranchPoints />
            </Method>
            <Method skippedDueTo="AutoImplementedProperty" visited="false" cyclomaticComplexity="1" nPathComplexity="0" sequenceCoverage="0" branchCoverage="0" crapScore="0" isConstructor="false" isStatic="false" isGetter="false" isSetter="true">
              <MetadataToken>100663321</MetadataToken>
              <Name>System.Void Prova1.Domain.Orders.Order::set_Quantity(System.Int32)</Name>
              <FileRef uid="3" />
              <SequencePoints />
              <BranchPoints />
            </Method>
            <Method skippedDueTo="AutoImplementedProperty" visited="false" cyclomaticComplexity="1" nPathComplexity="0" sequenceCoverage="0" branchCoverage="0" crapScore="0" isConstructor="false" isStatic="false" isGetter="true" isSetter="false">
              <MetadataToken>100663322</MetadataToken>
              <Name>Prova1.Domain.Products.Product Prova1.Domain.Orders.Order::get_Product()</Name>
              <FileRef uid="3" />
              <SequencePoints />
              <BranchPoints />
            </Method>
            <Method skippedDueTo="AutoImplementedProperty" visited="false" cyclomaticComplexity="1" nPathComplexity="0" sequenceCoverage="0" branchCoverage="0" crapScore="0" isConstructor="false" isStatic="false" isGetter="false" isSetter="true">
              <MetadataToken>100663323</MetadataToken>
              <Name>System.Void Prova1.Domain.Orders.Order::set_Product(Prova1.Domain.Products.Product)</Name>
              <FileRef uid="3" />
              <SequencePoints />
              <BranchPoints />
            </Method>
            <Method skippedDueTo="AutoImplementedProperty" visited="false" cyclomaticComplexity="1" nPathComplexity="0" sequenceCoverage="0" branchCoverage="0" crapScore="0" isConstructor="false" isStatic="false" isGetter="true" isSetter="false">
              <MetadataToken>100663324</MetadataToken>
              <Name>System.Int32 Prova1.Domain.Orders.Order::get_ProductId()</Name>
              <FileRef uid="3" />
              <SequencePoints />
              <BranchPoints />
            </Method>
            <Method skippedDueTo="AutoImplementedProperty" visited="false" cyclomaticComplexity="1" nPathComplexity="0" sequenceCoverage="0" branchCoverage="0" crapScore="0" isConstructor="false" isStatic="false" isGetter="false" isSetter="true">
              <MetadataToken>100663325</MetadataToken>
              <Name>System.Void Prova1.Domain.Orders.Order::set_ProductId(System.Int32)</Name>
              <FileRef uid="3" />
              <SequencePoints />
              <BranchPoints />
            </Method>
            <Method visited="true" cyclomaticComplexity="3" nPathComplexity="2" sequenceCoverage="100" branchCoverage="100" crapScore="3" isConstructor="false" isStatic="false" isGetter="true" isSetter="false">
              <Summary numSequencePoints="3" visitedSequencePoints="3" numBranchPoints="3" visitedBranchPoints="3" sequenceCoverage="100" branchCoverage="100" maxCyclomaticComplexity="3" minCyclomaticComplexity="3" maxCrapScore="3" minCrapScore="3" visitedClasses="0" numClasses="0" visitedMethods="1" numMethods="1" />
              <MetadataToken>100663326</MetadataToken>
              <Name>System.Double Prova1.Domain.Orders.Order::get_Total()</Name>
              <FileRef uid="3" />
              <SequencePoints>
                <SequencePoint vc="2" uspid="45" ordinal="0" offset="0" sl="18" sc="13" el="18" ec="14" bec="0" bev="0" fileid="3" />
                <SequencePoint vc="2" uspid="46" ordinal="1" offset="1" sl="19" sc="17" el="19" ec="90" bec="2" bev="2" fileid="3" />
                <SequencePoint vc="2" uspid="47" ordinal="2" offset="60" sl="20" sc="13" el="20" ec="14" bec="0" bev="0" fileid="3" />
              </SequencePoints>
              <BranchPoints>
                <BranchPoint vc="1" uspid="48" ordinal="0" offset="13" sl="19" path="0" offsetend="15" fileid="3" />
                <BranchPoint vc="1" uspid="49" ordinal="1" offset="13" sl="19" path="1" offsetend="26" fileid="3" />
              </BranchPoints>
              <MethodPoint xsi:type="SequencePoint" vc="2" uspid="45" ordinal="0" offset="0" sl="18" sc="13" el="18" ec="14" bec="0" bev="0" fileid="3" />
            </Method>
            <Method visited="false" cyclomaticComplexity="1" nPathComplexity="0" sequenceCoverage="0" branchCoverage="0" crapScore="2" isConstructor="true" isStatic="false" isGetter="false" isSetter="false">
              <Summary numSequencePoints="0" visitedSequencePoints="0" numBranchPoints="0" visitedBranchPoints="0" sequenceCoverage="0" branchCoverage="0" maxCyclomaticComplexity="1" minCyclomaticComplexity="1" maxCrapScore="2" minCrapScore="2" visitedClasses="0" numClasses="0" visitedMethods="0" numMethods="0" />
              <MetadataToken>100663327</MetadataToken>
              <Name>System.Void Prova1.Domain.Orders.Order::.ctor()</Name>
              <SequencePoints />
              <BranchPoints />
              <MethodPoint vc="0" uspid="50" ordinal="0" offset="0" />
            </Method>
          </Methods>
        </Class>
      </Classes>
    </Module>
    <Module hash="8E-12-6D-27-0E-17-61-AF-CA-91-98-84-74-39-03-35-34-77-58-BC">
      <Summary numSequencePoints="0" visitedSequencePoints="0" numBranchPoints="0" visitedBranchPoints="0" sequenceCoverage="0" branchCoverage="0" maxCyclomaticComplexity="0" minCyclomaticComplexity="0" maxCrapScore="0" minCrapScore="0" visitedClasses="0" numClasses="0" visitedMethods="0" numMethods="0" />
      <ModulePath>F:\Projetos\Project Academia 2018\Exemplos_master\Prova1\server\Prova1.Domain.Tests\bin\Debug\Prova1.Infra.dll</ModulePath>
      <ModuleTime>2018-07-05T20:33:00.2673112Z</ModuleTime>
      <ModuleName>Prova1.Infra</ModuleName>
      <Files />
      <Classes />
    </Module>
  </Modules>
</CoverageSession>